Biomass species,Moisture,Ash,Volatile_Matter,Fixed_Carbon,Carbon,Hydrogen,Oxygen,Nitrogen,Particle_Size,Temperature,Heating_Rate,Flow_Rate,Biochar_Yield,Bio_Oil_Yield,Gas_Yield
Jerusalem artichoke stick,15.76,3.34,67.4,13.5,45.36,6.11,47.26,0.75,0.5,550,10.0,100.0,35.0,44.9,20.1
Jerusalem artichoke stick,15.76,3.34,67.4,13.5,45.36,6.11,47.26,0.75,0.5,650,10.0,100.0,31.75,41.25,27.0
Jerusalem artichoke stick,15.76,3.34,67.4,13.5,45.36,6.11,47.26,0.75,0.5,750,10.0,100.0,30.2,40.6,29.2
Jerusalem artichoke stick,15.76,3.34,67.4,13.5,45.36,6.11,47.26,0.75,0.5,850,10.0,100.0,28.6,36.36,35.04
reed,5.89,8.47,72.12,13.52,42.78,5.17,50.51,1.33,0.5,550,10.0,100.0,32.85,54.38,12.77
reed,5.89,8.47,72.12,13.52,42.78,5.17,50.51,1.33,0.5,650,10.0,100.0,30.14,55.56,14.3
reed,5.89,8.47,72.12,13.52,42.78,5.17,50.51,1.33,0.5,750,10.0,100.0,28.4,54.75,16.85
reed,5.89,8.47,72.12,13.52,42.78,5.17,50.51,1.33,0.5,850,10.0,100.0,26.28,53.22,20.5
Corn straw,5.7,7.27,75.56,17.17,39.57,5.25,53.2,1.81,0.55,450,20.0,100.0,52.57,28.48,18.95
Corn straw,5.7,7.27,75.56,17.17,39.57,5.25,53.2,1.81,0.55,650,20.0,100.0,39.26,35.38,25.34
Corn straw,5.7,7.27,75.56,17.17,39.57,5.25,53.2,1.81,0.55,850,20.0,100.0,28.82,33.56,37.61
Ponytail,8.12,0.76,78.95,14.04,52.33,5.81,41.66,0.2,0.3,400,10.0,100.0,26.53,33.33,39.73
Ponytail,8.12,0.76,78.95,14.04,52.33,5.81,41.66,0.2,0.3,500,10.0,100.0,24.84,31.64,42.9
Ponytail,8.12,0.76,78.95,14.04,52.33,5.81,41.66,0.2,0.3,600,10.0,100.0,24.1,31.02,44.1
Ponytail,8.12,0.76,78.95,14.04,52.33,5.81,41.66,0.2,0.3,700,10.0,100.0,23.33,29.3,45.8
wheat stalk,7.4,5.9,69.3,17.4,41.41,5.86,45.22,1.44,0.1,400,10.0,100.0,56.69,25.04,14.8
wheat stalk,7.4,5.9,69.3,17.4,41.41,5.86,45.22,1.44,0.1,500,10.0,100.0,47.28,30.66,21.16
wheat stalk,7.4,5.9,69.3,17.4,41.41,5.86,45.22,1.44,0.1,600,10.0,100.0,46.56,30.19,21.89
Cigarette rod,5.7,22.49,71.15,6.36,35.44,4.62,33.78,2.7,0.65,300,20.0,300.0,57.7,20.8,21.7
Cigarette rod,5.7,22.49,71.15,6.36,35.44,4.62,33.78,2.7,0.65,400,20.0,300.0,47.2,22.2,29.7
Cigarette rod,5.7,22.49,71.15,6.36,35.44,4.62,33.78,2.7,0.65,500,20.0,300.0,42.2,21.1,35.7
Cigarette rod,5.7,22.49,71.15,6.36,35.44,4.62,33.78,2.7,0.65,600,20.0,300.0,39.8,19.2,41.1
Cigarette rod,5.7,22.49,71.15,6.36,35.44,4.62,33.78,2.7,0.65,700,20.0,300.0,32.6,20.1,46.2
Wheat straw,7.4,5.9,69.3,17.4,41.41,5.86,45.22,1.44,0.4,400,20.0,3000.0,57.13,25.07,17.69
Wheat straw,7.4,5.9,69.3,17.4,41.41,5.86,45.22,1.44,0.4,500,20.0,3000.0,47.7,30.88,20.85
Wheat straw,7.4,5.9,69.3,17.4,41.41,5.86,45.22,1.44,0.4,600,20.0,3000.0,47.0,30.7,22.06
Corn straw,7.27,3.34,74.59,14.8,47.76637640449439,6.1899999999999995,43.397598314606746,1.53,0.65,500,2.5,20.0,31.99,43.71,24.3
Corn straw,7.27,3.34,74.59,14.8,47.76637640449439,6.1899999999999995,43.397598314606746,1.53,0.65,500,5.0,20.0,29.8,47.2,23.0
Corn straw,7.27,3.34,74.59,14.8,47.76637640449439,6.1899999999999995,43.397598314606746,1.53,0.65,500,10.0,20.0,28.94,49.94,21.12
Moso bamboo,5.7,1.12,86.23,12.65,47.2,5.77,44.23,0.27,0.55,700,5.0,100.0,31.06,39.21,29.48
Moso bamboo,5.7,1.12,86.23,12.65,47.2,5.77,44.23,0.27,0.55,700,10.0,100.0,25.46,36.16,38.1
Moso bamboo,5.7,1.12,86.23,12.65,47.2,5.77,44.23,0.27,0.55,700,20.0,100.0,23.12,34.35,40.84
Moso bamboo,5.7,1.12,86.23,12.65,47.2,5.77,44.23,0.27,0.55,700,30.0,100.0,21.48,33.76,42.1
Moso bamboo,5.7,1.12,86.23,12.65,47.2,5.77,44.23,0.27,0.55,300,10.0,500.0,49.3,26.5,23.2
Moso bamboo,5.7,1.12,86.23,12.65,47.2,5.77,44.23,0.27,0.32,400,10.0,500.0,30.7,35.2,34.1
Moso bamboo,5.7,1.12,86.23,12.65,47.2,5.77,44.23,0.27,0.32,500,10.0,500.0,26.0,36.6,37.4
Moso bamboo,5.7,1.12,86.23,12.65,47.2,5.77,44.23,0.27,0.32,600,10.0,500.0,24.3,36.1,39.6
Microalgae,5.7,1.2,85.3,8.04,55.2,8.25,26.67,1.71,0.32,700,10.0,500.0,23.6,34.1,42.3
Microalgae,5.7,1.2,85.3,8.04,55.2,8.25,26.67,1.71,0.75,400,20.0,100.0,64.87,13.89,23.3
Microalgae,5.7,1.2,85.3,8.04,55.2,8.25,26.67,1.71,0.75,500,20.0,100.0,20.99,26.45,55.0
Microalgae,5.7,1.2,85.3,8.04,55.2,8.25,26.67,1.71,0.75,600,20.0,100.0,20.78,22.34,60.71
Microalgae,5.7,1.2,85.3,8.04,55.2,8.25,26.67,1.71,0.75,700,20.0,100.0,21.1,30.51,52.69
Microalgae,5.7,1.2,85.3,8.04,55.2,8.25,26.67,1.71,0.75,800,20.0,100.0,19.92,19.98,61.29
sugar cane,5.4,3.1,80.2,11.3,44.86,5.87,48.97,0.24,0.55,350,10.0,100.0,50.07,29.04,20.89
sugar cane,5.4,3.1,80.2,11.3,44.86,5.87,48.97,0.24,0.55,400,10.0,100.0,45.09,33.07,21.27
sugar cane,5.4,3.1,80.2,11.3,44.86,5.87,48.97,0.24,0.55,450,10.0,100.0,37.31,38.16,24.22
sugar cane,5.4,3.1,80.2,11.3,44.86,5.87,48.97,0.24,0.55,500,10.0,100.0,31.46,41.97,26.52
sugar cane,5.4,3.1,80.2,11.3,44.86,5.87,48.97,0.24,0.55,550,10.0,100.0,31.4,40.2,28.4
sugar cane,5.4,3.1,80.2,11.3,44.86,5.87,48.97,0.24,0.55,600,10.0,100.0,30.06,39.5,35.64
sugar cane,5.4,3.1,80.2,11.3,44.86,5.87,48.97,0.24,0.55,650,10.0,100.0,23.36,38.81,37.09
sugar cane,5.4,3.1,80.2,11.3,44.86,5.87,48.97,0.24,0.55,350,50.0,100.0,47.16,30.83,20.91
sugar cane,5.4,3.1,80.2,11.3,44.86,5.87,48.97,0.24,0.55,400,50.0,100.0,42.16,35.76,22.12
sugar cane,5.4,3.1,80.2,11.3,44.86,5.87,48.97,0.24,0.55,450,50.0,100.0,34.48,41.3,23.11
sugar cane,5.4,3.1,80.2,11.3,44.86,5.87,48.97,0.24,0.55,500,50.0,100.0,28.24,45.19,25.97
sugar cane,5.4,3.1,80.2,11.3,44.86,5.87,48.97,0.24,0.55,550,50.0,100.0,25.11,44.32,29.45
sugar cane,5.4,3.1,80.2,11.3,44.86,5.87,48.97,0.24,0.55,600,50.0,100.0,24.87,41.81,32.3
sugar cane,5.4,3.1,80.2,11.3,44.86,5.87,48.97,0.24,0.55,650,50.0,100.0,24.21,39.5,34.13
sugar cane,5.4,3.1,80.2,11.3,44.86,5.87,48.97,0.24,0.25,500,50.0,100.0,37.4,26.94,34.17
sugar cane,5.4,3.1,80.2,11.3,44.86,5.87,48.97,0.24,0.38,500,50.0,100.0,39.54,27.94,30.99
sugar cane,5.4,3.1,80.2,11.3,44.86,5.87,48.97,0.24,0.55,500,50.0,100.0,45.49,29.14,25.71
sugar cane,5.4,3.1,80.2,11.3,44.86,5.87,48.97,0.24,0.8,500,50.0,100.0,43.82,36.41,20.44
sugar cane,5.4,3.1,80.2,11.3,44.86,5.87,48.97,0.24,1.35,500,50.0,100.0,41.59,37.79,20.49
sugar cane,5.4,3.1,80.2,11.3,44.86,5.87,48.97,0.24,0.55,500,50.0,50.0,39.53,33.78,26.4
sugar cane,5.4,3.1,80.2,11.3,44.86,5.87,48.97,0.24,0.55,500,50.0,100.0,45.18,27.93,27.17
sugar cane,5.4,3.1,80.2,11.3,44.86,5.87,48.97,0.24,0.55,500,50.0,150.0,42.7,27.2,29.7
sugar cane,5.4,3.1,80.2,11.3,44.86,5.87,48.97,0.24,0.55,500,50.0,200.0,41.85,26.72,31.22
straw ,5.7,22.55,60.84,16.61,48.75,5.98,43.28,1.99,0.83,300,10.0,1500.0,49.55,31.29,17.63
straw ,5.7,22.55,60.84,16.61,48.75,5.98,43.28,1.99,0.83,400,10.0,1500.0,32.75,41.96,24.01
straw ,5.7,22.55,60.84,16.61,48.75,5.98,43.28,1.99,0.83,500,10.0,1500.0,27.93,43.12,28.7
straw ,5.7,22.55,60.84,16.61,48.75,5.98,43.28,1.99,0.83,600,10.0,1500.0,25.71,45.2,28.32
straw ,5.7,22.55,60.84,16.61,48.75,5.98,43.28,1.99,0.83,700,10.0,1500.0,25.03,43.9,29.94
Mangosteen plants,7.3,3.6,73.2,15.9,47.6,5.5,46.1,0.8,0.8,300,10.0,1500.0,49.5,30.7,19.75
Mangosteen plants,7.3,3.6,73.2,15.9,47.6,5.5,46.1,0.8,0.8,400,10.0,1500.0,30.95,48.3,20.74
Mangosteen plants,7.3,3.6,73.2,15.9,47.6,5.5,46.1,0.8,0.8,450,10.0,1500.0,29.42,49.01,21.5
Mangosteen plants,7.3,3.6,73.2,15.9,47.6,5.5,46.1,0.8,0.8,500,10.0,1500.0,27.15,50.03,22.82
Mangosteen plants,7.3,3.6,73.2,15.9,47.6,5.5,46.1,0.8,0.8,550,10.0,1500.0,26.21,50.57,23.23
Mangosteen plants,7.3,3.6,73.2,15.9,47.6,5.5,46.1,0.8,0.8,600,10.0,1500.0,25.92,49.7,24.3
Mangosteen plants,7.3,3.6,73.2,15.9,47.6,5.5,46.1,0.8,0.8,700,10.0,1500.0,25.1,48.24,26.66
Peanut shells ,8.03,11.31,58.38,22.29,37.87,5.19,55.24,1.57,1.25,300,15.0,50.0,47.76,14.38,36.43
Peanut shells,8.03,11.31,58.38,22.29,37.87,5.19,55.24,1.57,1.25,400,15.0,50.0,41.42,15.83,40.79
Peanut shells,8.03,11.31,58.38,22.29,37.87,5.19,55.24,1.57,1.25,500,15.0,50.0,37.06,17.75,41.17
Peanut shells,8.03,11.31,58.38,22.29,37.87,5.19,55.24,1.57,1.25,600,15.0,50.0,35.43,15.12,46.12
Peanut shells,8.03,11.31,58.38,22.29,37.87,5.19,55.24,1.57,1.25,700,15.0,50.0,33.73,13.03,52.4
Peanut shells,8.03,11.31,58.38,22.29,37.87,5.19,55.24,1.57,1.25,800,15.0,50.0,32.35,10.29,55.6
Peanut shells,8.03,11.31,58.38,22.29,37.87,5.19,55.24,1.57,1.25,900,15.0,50.0,33.78,8.88,53.54
Pine needles,8.81,12.24,60.09,18.86,46.28,5.8,47.03,0.72,1.25,300,15.0,50.0,52.2,14.48,30.19
Pine needles,8.81,12.24,60.09,18.86,46.28,5.8,47.03,0.72,1.25,400,15.0,50.0,45.01,18.12,35.96
Pine needles,8.81,12.24,60.09,18.86,46.28,5.8,47.03,0.72,1.25,500,15.0,50.0,36.51,20.76,41.36
Pine needles,8.81,12.24,60.09,18.86,46.28,5.8,47.03,0.72,1.25,600,15.0,50.0,35.25,18.84,41.92
Pine needles,8.81,12.24,60.09,18.86,46.28,5.8,47.03,0.72,1.25,700,15.0,50.0,32.79,12.72,52.07
Pine needles,8.81,12.24,60.09,18.86,46.28,5.8,47.03,0.72,1.25,800,15.0,50.0,33.89,15.78,47.61
Pine needles,8.81,12.24,60.09,18.86,46.28,5.8,47.03,0.72,1.25,900,15.0,50.0,30.54,13.28,51.32
 C. vulgaris,6.26,6.11,76.13,11.5,47.32,6.9,36.45,8.48,1.25,300,15.0,50.0,43.05,20.64,35.92
 C. vulgaris,6.26,6.11,76.13,11.5,47.32,6.9,36.45,8.48,1.25,400,15.0,50.0,43.46,16.38,37.7
 C. vulgaris,6.26,6.11,76.13,11.5,47.32,6.9,36.45,8.48,1.25,500,15.0,50.0,29.28,32.69,34.25
 C. vulgaris,6.26,6.11,76.13,11.5,47.32,6.9,36.45,8.48,1.25,600,15.0,50.0,22.33,28.5,43.71
 C. vulgaris,6.26,6.11,76.13,11.5,47.32,6.9,36.45,8.48,1.25,700,15.0,50.0,23.73,27.25,46.8
 C. vulgaris,6.26,6.11,76.13,11.5,47.32,6.9,36.45,8.48,1.25,800,15.0,50.0,21.58,26.55,50.83
 C. vulgaris,6.26,6.11,76.13,11.5,47.32,6.9,36.45,8.48,1.25,900,15.0,50.0,19.3,21.04,58.29
Corncob,6.33,29.51,51.64,12.53,22.49,3.3,73.68,0.51,1.25,300,15.0,50.0,63.51,10.31,23.26
Corncob,6.33,29.51,51.64,12.53,22.49,3.3,73.68,0.51,11.25,400,15.0,50.0,54.42,11.43,31.02
Corncob,6.33,29.51,51.64,12.53,22.49,3.3,73.68,0.51,1.25,500,15.0,50.0,54.29,11.38,30.42
Corncob,6.33,29.51,51.64,12.53,22.49,3.3,73.68,0.51,1.25,600,15.0,50.0,50.93,10.68,35.92
Corncob,6.33,29.51,51.64,12.53,22.49,3.3,73.68,0.51,1.25,700,15.0,50.0,52.24,8.72,36.49
Corncob,6.33,29.51,51.64,12.53,22.49,3.3,73.68,0.51,1.25,800,15.0,50.0,48.27,8.28,41.43
Corncob,6.33,29.51,51.64,12.53,22.49,3.3,73.68,0.51,1.25,900,15.0,50.0,50.78,6.18,41.18
Dwarf palm,5.7,3.26,89.8,10.2,47.36,5.93,43.91,2.14,0.21,500,30.0,100.0,21.0,62.0,17.0
Stumbling shrub,5.7,2.24,77.7,22.3,54.36,5.81,38.91,0.8,0.2,500,30.0,100.0,23.0,55.0,22.0
Smooth Holly,5.7,1.88,80.2,19.8,54.63,6.42,37.97,0.87,0.32,500,30.0,100.0,18.0,60.0,22.0
Mistletoe,5.7,2.71,80.9,19.1,49.57,6.01,41.97,2.3,0.33,500,30.0,100.0,21.0,58.0,21.0
Little blue star,5.7,3.75,74.0,13.16,51.22,5.66,40.75,2.22,0.11,500,30.0,100.0,21.0,61.0,18.0
Long leaved pine leaves,5.7,1.84,70.99,18.08,51.37,3.0,44.31,1.21,0.42,500,30.0,100.0,20.0,58.0,22.0
Pinus longifolia litter,5.7,1.61,69.92,19.38,52.31,6.09,39.23,2.31,0.46,500,30.0,100.0,17.0,60.0,23.0
Sawn palm,5.7,2.9,67.24,20.77,49.49,5.48,43.96,0.9,0.22,500,30.0,100.0,22.0,54.0,24.0
Sparkle Berry,5.7,2.82,69.59,18.5,52.49,7.71,38.9,0.74,0.24,500,30.0,100.0,23.0,57.0,20.0
Marsh Bay,5.7,1.67,71.03,18.2,52.48,6.11,39.88,1.36,0.3,500,30.0,100.0,20.0,60.0,20.0
Water oak,5.7,3.8,70.21,16.9,50.06,5.57,42.8,1.47,0.18,500,30.0,100.0,22.0,57.0,21.0
Myrtle wax,5.7,2.19,68.67,20.05,50.65,5.44,41.46,2.31,0.19,500,30.0,100.0,21.0,54.0,25.0
Green bristlegrass,5.7,3.95,71.05,15.91,47.42,6.34,42.68,3.31,0.31,500,30.0,100.0,20.0,60.0,20.0
Tea substitute Holly,5.7,4.45,74.53,11.93,51.34,6.28,40.74,1.46,0.31,500,30.0,100.0,22.0,62.0,16.0
Carpinus betulus L.,2.28,9.52,78.83,9.37,41.78,5.36,52.26,0.6,0.75,400,7.0,100.0,40.37,18.63,13.68
Carpinus betulus L.,2.28,9.52,78.83,9.37,41.78,5.36,52.26,0.6,0.75,450,7.0,100.0,36.69,21.03,15.75
Carpinus betulus L.,2.28,9.52,78.83,9.37,41.78,5.36,52.26,0.6,0.75,500,7.0,100.0,35.25,22.15,16.23
Carpinus betulus L.,2.28,9.52,78.83,9.37,41.78,5.36,52.26,0.6,0.75,550,7.0,100.0,34.45,22.15,16.55
Carpinus betulus L.,2.28,9.52,78.83,9.37,41.78,5.36,52.26,0.6,0.75,600,7.0,100.0,33.33,20.55,18.47
Carpinus betulus L.,2.28,9.52,78.83,9.37,41.78,5.36,52.26,0.6,0.75,550,7.0,100.0,33.75,21.36,15.99
Carpinus betulus L.,2.28,9.52,78.83,9.37,41.78,5.36,52.26,0.6,0.75,550,15.0,100.0,33.32,21.83,16.16
Carpinus betulus L.,2.28,9.52,78.83,9.37,41.78,5.36,52.26,0.6,0.75,550,30.0,100.0,32.91,22.76,16.64
Carpinus betulus L.,2.28,9.52,78.83,9.37,41.78,5.36,52.26,0.6,0.75,550,50.0,100.0,32.66,22.66,17.59
Carpinus betulus L.,2.28,9.52,78.83,9.37,41.78,5.36,52.26,0.6,0.75,550,50.0,50.0,34.21,23.66,14.31
Carpinus betulus L.,2.28,9.52,78.83,9.37,41.78,5.36,52.26,0.6,0.75,550,50.0,100.0,32.43,24.41,14.6
Carpinus betulus L.,2.28,9.52,78.83,9.37,41.78,5.36,52.26,0.6,0.75,550,50.0,150.0,31.83,22.48,17.43
Switchgrass,8.4,3.9,84.2,11.9,42.0,6.1,47.4,0.4,2.0,400,20.0,100.0,48.37,22.38,7.21
Switchgrass,8.4,3.9,84.2,11.9,42.0,6.1,47.4,0.4,2.0,500,20.0,100.0,42.73,27.91,9.94
Switchgrass,8.4,3.9,84.2,11.9,42.0,6.1,47.4,0.4,2.0,600,20.0,100.0,25.41,37.61,25.23
Kasaud seed,9.7,5.8,84.0,0.5,40.8,6.1,48.9,3.9,1.5,450,20.0,100.0,39.28,33.94,26.53
Kasaud seed,9.7,5.8,84.0,0.5,40.8,6.1,48.9,3.9,1.5,475,20.0,100.0,31.57,36.51,31.57
Kasaud seed,9.7,5.8,84.0,0.5,40.8,6.1,48.9,3.9,1.5,500,20.0,100.0,27.22,42.15,30.18
Kasaud seed,9.7,5.8,84.0,0.5,40.8,6.1,48.9,3.9,1.5,525,20.0,100.0,26.23,47.88,25.14
Kasaud seed,9.7,5.8,84.0,0.5,40.8,6.1,48.9,3.9,1.5,550,20.0,100.0,25.73,50.35,23.56
Kasaud seed,9.7,5.8,84.0,0.5,40.8,6.1,48.9,3.9,1.5,575,20.0,100.0,25.54,49.07,24.94
Rhinoceros sawdust,8.78,0.45,78.14,12.63,45.18,6.59,48.23,1.0,0.65,400,40.0,100.0,26.79,21.62,28.08
Rhinoceros sawdust,8.78,0.45,78.14,12.63,45.18,6.59,48.23,1.0,0.65,450,40.0,100.0,25.78,21.61,29.08
Rhinoceros sawdust,8.78,0.45,78.14,12.63,45.18,6.59,48.23,1.0,0.65,500,40.0,100.0,25.62,22.61,29.21
Rhinoceros sawdust,8.78,0.45,78.14,12.63,45.18,6.59,48.23,1.0,0.65,550,40.0,100.0,23.17,26.62,30.21
Rhinoceros sawdust,8.78,0.45,78.14,12.63,45.18,6.59,48.23,1.0,0.65,600,40.0,100.0,22.45,29.77,28.47
Rhinoceros sawdust,8.78,0.45,78.14,12.63,45.18,6.59,48.23,1.0,0.65,550,10.0,100.0,23.06,30.38,18.46
Rhinoceros sawdust,8.78,0.45,78.14,12.63,45.18,6.59,48.23,1.0,0.65,550,20.0,100.0,22.19,29.08,19.17
Rhinoceros sawdust,8.78,0.45,78.14,12.63,45.18,6.59,48.23,1.0,0.65,550,30.0,100.0,22.03,32.51,17.58
Rhinoceros sawdust,8.78,0.45,78.14,12.63,45.18,6.59,48.23,1.0,0.65,550,40.0,100.0,22.88,29.92,26.47
Rhinoceros sawdust,8.78,0.45,78.14,12.63,45.18,6.59,48.23,1.0,0.65,550,50.0,100.0,22.44,29.05,25.17
Rhinoceros sawdust,8.78,0.45,78.14,12.63,45.18,6.59,48.23,1.0,0.65,550,30.0,50.0,22.28,32.71,13.85
Rhinoceros sawdust,8.78,0.45,78.14,12.63,45.18,6.59,48.23,1.0,0.65,550,30.0,100.0,20.98,35.55,13.84
Rhinoceros sawdust,8.78,0.45,78.14,12.63,45.18,6.59,48.23,1.0,0.65,550,30.0,150.0,21.11,30.96,15.96
Rice husk,9.5,12.7,62.7,15.1,37.86,5.24,35.32,0.68,0.65,400,20.0,100.0,23.2,42.9,33.9
Rice husk,9.5,12.7,62.7,15.1,37.86,5.24,35.32,0.68,0.65,450,20.0,100.0,39.3,34.0,26.7
Rice husk,9.5,12.7,62.7,15.1,37.86,5.24,35.32,0.68,0.65,500,20.0,100.0,46.9,30.0,23.1
Rice husk,9.5,12.7,62.7,15.1,37.86,5.24,35.32,0.68,0.65,550,20.0,100.0,40.0,34.3,25.7
Manikala sapota seed,0.0,1.19,77.02,21.79,52.7,5.0,40.0,1.46,1.0,400,20.0,100.0,33.17,39.4,27.05
Manikala sapota seed,0.0,1.19,77.02,21.79,52.7,5.0,40.0,1.46,1.0,450,20.0,100.0,28.51,42.41,28.92
Manikala sapota seed,0.0,1.19,77.02,21.79,52.7,5.0,40.0,1.46,1.0,500,20.0,100.0,24.56,45.0,30.17
Manikala sapota seed,0.0,1.19,77.02,21.79,52.7,5.0,40.0,1.46,1.0,550,20.0,100.0,22.9,41.78,35.15
Manikala sapota seed,0.0,1.19,77.02,21.79,52.7,5.0,40.0,1.46,1.0,600,20.0,100.0,20.52,37.74,41.58
Manikala sapota seed,0.0,1.19,77.02,21.79,52.7,5.0,40.0,1.46,1.0,500,20.0,50.0,30.87,40.96,28.08
Manikala sapota seed,0.0,1.19,77.02,21.79,52.7,5.0,40.0,1.46,1.0,500,20.0,80.0,24.13,45.19,30.58
Manikala sapota seed,0.0,1.19,77.02,21.79,52.7,5.0,40.0,1.46,1.0,500,20.0,100.0,22.88,43.65,33.08
Manikala sapota seed,0.0,1.19,77.02,21.79,52.7,5.0,40.0,1.46,1.0,500,20.0,120.0,21.83,39.33,38.46
Manikala sapota seed,0.0,1.19,77.02,21.79,52.7,5.0,40.0,1.46,0.5,500,20.0,100.0,24.33,45.63,30.8
Manikala sapota seed,0.0,1.19,77.02,21.79,52.7,5.0,40.0,1.46,1.0,500,20.0,100.0,28.66,41.51,30.13
Manikala sapota seed,0.0,1.19,77.02,21.79,52.7,5.0,40.0,1.46,1.5,500,20.0,100.0,33.34,39.55,28.08
Dried banana leaves,7.8,6.2,78.2,15.6,43.5,6.2,42.3,0.86,0.65,500,10.0,100.0,23.3,27.0,49.6
Sugarcane straw,10.4,16.4,74.0,13.0,43.2,6.7,33.2,0.3,0.65,500,10.0,100.0,48.2,35.5,20.4
wheat straw,4.56,4.89,79.92,15.18,44.93,5.71,48.73,0.63,0.65,500,20.0,100.0,60.6,21.7,17.1
grass,4.61,5.73,83.23,11.04,46.21,5.8,47.59,0.4,0.65,500,20.0,100.0,51.5,24.7,7.9
Miscanthus sinensis,4.55,4.46,75.62,19.92,46.95,5.85,46.28,0.92,0.65,500,20.0,100.0,60.27,19.17,11.1
Willow,5.71,2.96,81.19,15.85,48.48,5.74,43.91,1.87,0.65,500,20.0,100.0,51.4,19.28,19.89
Beech,4.24,0.96,85.89,13.15,53.04,5.42,41.63,0.0,0.65,500,20.0,100.0,67.8,12.6,13.3
Garlic stalk,5.81,8.8,5.82,2.21,42.29,6.03,47.84,3.84,2.0,400,30.0,50.0,30.25,37.85,31.35
Garlic stalk,5.81,8.8,5.82,2.21,42.29,6.03,47.84,3.84,2.0,450,30.0,50.0,26.38,38.67,35.5
Garlic stalk,5.81,8.8,5.82,2.21,42.29,6.03,47.84,3.84,2.0,500,30.0,50.0,24.72,39.64,35.22
Garlic stalk,5.81,8.8,5.82,2.21,42.29,6.03,47.84,3.84,2.0,550,30.0,50.0,26.24,37.85,36.05
Garlic stalk,5.81,8.8,5.82,2.21,42.29,6.03,47.84,3.84,2.0,600,30.0,50.0,24.72,39.23,36.46
Garlic stalk,5.81,8.8,5.82,2.21,42.29,6.03,47.84,3.84,0.8,500,30.0,50.0,31.93,35.89,32.34
Garlic stalk,5.81,8.8,5.82,2.21,42.29,6.03,47.84,3.84,2.0,500,30.0,50.0,26.71,40.51,32.99
Garlic stalk,5.81,8.8,5.82,2.21,42.29,6.03,47.84,3.84,4.0,500,30.0,50.0,25.31,40.74,33.23
Pepper stalk,2.82,5.82,68.06,23.3,46.23,5.6,46.42,1.75,2.0,300,30.0,50.0,45.53,33.41,21.16
Pepper stalk,2.82,5.82,68.06,23.3,46.23,5.6,46.42,1.75,2.0,350,30.0,50.0,38.13,38.13,22.67
Pepper stalk,2.82,5.82,68.06,23.3,46.23,5.6,46.42,1.75,2.0,400,30.0,50.0,31.99,44.66,23.21
Pepper stalk,2.82,5.82,68.06,23.3,46.23,5.6,46.42,1.75,2.0,450,30.0,50.0,29.88,45.34,24.31
Pepper stalk,2.82,5.82,68.06,23.3,46.23,5.6,46.42,1.75,2.0,500,30.0,50.0,26.94,45.47,26.66
Pepper stalk,2.82,5.82,68.06,23.3,46.23,5.6,46.42,1.75,2.0,550,30.0,50.0,26.93,46.15,26.51
Pepper stalk,2.82,5.82,68.06,23.3,46.23,5.6,46.42,1.75,2.0,600,30.0,50.0,26.77,46.55,26.49
Pepper stalk,2.82,5.82,68.06,23.3,46.23,5.6,46.42,1.75,2.0,650,30.0,50.0,25.78,45.28,28.99
Pepper stalk,2.82,5.82,68.06,23.3,46.23,5.6,46.42,1.75,0.8,480,30.0,50.0,31.29,33.48,31.97
Pepper stalk,2.82,5.82,68.06,23.3,46.23,5.6,46.42,1.75,2.0,480,30.0,50.0,32.44,39.56,28.33
Pepper stalk,2.82,5.82,68.06,23.3,46.23,5.6,46.42,1.75,4.0,480,30.0,50.0,27.56,45.65,26.88
Pepper stalk,2.82,5.82,68.06,23.3,46.23,5.6,46.42,1.75,7.0,480,30.0,50.0,28.57,46.25,25.15
Palm shell,4.7,8.6,73.5,13.2,52.05,5.37,42.1,0.49,2.0,500,10.0,100.0,35.26,47.43,17.31
EFB,6.9,2.91,79.4,10.8,43.06,5.98,50.42,0.55,2.0,500,10.0,100.0,29.05,45.75,25.2
Mesocarp fiber,8.6,5.8,78.0,8.6,45.03,6.15,47.89,0.94,2.0,500,10.0,100.0,29.8,43.87,26.33
safflower seed,5.7,2.2,80.8,11.3,60.46,9.08,27.36,3.1,1.2,400,5.0,0.0,23.1,46.86,30.05
safflower seed,5.7,2.2,80.8,11.3,60.46,9.08,27.36,3.1,1.2,500,5.0,0.0,20.81,49.05,30.14
safflower seed,5.7,2.2,80.8,11.3,60.46,9.08,27.36,3.1,1.2,550,5.0,0.0,20.29,49.19,30.52
safflower seed,5.7,2.2,80.8,11.3,60.46,9.08,27.36,3.1,1.2,600,5.0,0.0,20.19,47.43,32.38
safflower seed,5.7,2.2,80.8,11.3,60.46,9.08,27.36,3.1,1.2,700,5.0,0.0,20.0,39.86,40.14
safflower seed,5.7,2.2,80.8,11.3,60.46,9.08,27.36,3.1,1.2,400,40.0,0.0,18.96,46.04,35.0
safflower seed,5.7,2.2,80.8,11.3,60.46,9.08,27.36,3.1,1.2,500,40.0,0.0,18.63,45.85,35.52
safflower seed,5.7,2.2,80.8,11.3,60.46,9.08,27.36,3.1,1.2,550,40.0,0.0,18.49,45.57,35.94
safflower seed,5.7,2.2,80.8,11.3,60.46,9.08,27.36,3.1,1.2,600,40.0,0.0,18.11,45.33,36.56
safflower seed,5.7,2.2,80.8,11.3,60.46,9.08,27.36,3.1,1.2,700,40.0,0.0,17.92,42.17,39.91
safflower seed,5.7,2.2,80.8,11.3,60.46,9.08,27.36,3.1,1.2,400,80.0,0.0,16.58,47.04,36.38
safflower seed,5.7,2.2,80.8,11.3,60.46,9.08,27.36,3.1,1.2,500,80.0,0.0,16.8,46.96,36.24
safflower seed,5.7,2.2,80.8,11.3,60.46,9.08,27.36,3.1,1.2,550,80.0,0.0,16.81,46.26,36.93
safflower seed,5.7,2.2,80.8,11.3,60.46,9.08,27.36,3.1,1.2,600,80.0,0.0,16.29,46.3,37.41
safflower seed,5.7,2.2,80.8,11.3,60.46,9.08,27.36,3.1,1.2,700,80.0,0.0,16.2,43.54,40.26
safflower seed,5.7,2.2,80.8,11.3,60.46,9.08,27.36,3.1,0.6,500,5.0,0.0,19.99,50.62,29.4
safflower seed,5.7,2.2,80.8,11.3,60.46,9.08,27.36,3.1,1.0,500,5.0,0.0,20.24,48.99,30.77
safflower seed,5.7,2.2,80.8,11.3,60.46,9.08,27.36,3.1,1.6,500,5.0,0.0,23.26,45.29,31.45
safflower seed,5.7,2.2,80.8,11.3,60.46,9.08,27.36,3.1,2.0,500,5.0,0.0,24.94,43.4,31.66
safflower seed,5.7,2.2,80.8,11.3,60.46,9.08,27.36,3.1,1.0,500,5.0,50.0,20.79,52.61,26.6
safflower seed,5.7,2.2,80.8,11.3,60.46,9.08,27.36,3.1,1.0,500,5.0,100.0,20.21,54.97,24.82
safflower seed,5.7,2.2,80.8,11.3,60.46,9.08,27.36,3.1,1.0,500,5.0,200.0,19.79,55.44,24.77
safflower seed,5.7,2.2,80.8,11.3,60.46,9.08,27.36,3.1,1.0,500,5.0,400.0,19.79,53.97,26.24
Baboon seeds ,12.5,7.3,69.1,11.0,54.1,6.12,34.53,5.23,0.2,400,25.0,100.0,20.66,47.5,31.79
Baboon seeds ,12.5,7.3,69.1,11.0,54.1,6.12,34.53,5.23,0.2,500,25.0,100.0,17.53,45.32,37.15
Baboon seeds ,12.5,7.3,69.1,11.0,54.1,6.12,34.53,5.23,0.2,600,25.0,100.0,14.94,39.8,43.26
Baboon seeds ,12.5,7.3,69.1,11.0,54.1,6.12,34.53,5.23,0.2,700,25.0,100.0,11.82,39.15,49.04
Baboon seeds ,12.5,7.3,69.1,11.0,54.1,6.12,34.53,5.23,0.3,500,25.0,100.0,18.17,45.1,36.75
Baboon seeds ,12.5,7.3,69.1,11.0,54.1,6.12,34.53,5.23,0.5,500,25.0,100.0,24.07,42.05,33.88
Baboon seeds ,12.5,7.3,69.1,11.0,54.1,6.12,34.53,5.23,0.7,500,25.0,100.0,24.65,42.29,33.08
Baboon seeds ,12.5,7.3,69.1,11.0,54.1,6.12,34.53,5.23,0.9,500,25.0,100.0,25.83,45.26,28.92
Baboon seeds ,12.5,7.3,69.1,11.0,54.1,6.12,34.53,5.23,0.2,500,25.0,100.0,19.94,44.04,36.01
Baboon seeds ,12.5,7.3,69.1,11.0,54.1,6.12,34.53,5.23,0.2,500,25.0,200.0,17.81,39.95,42.26
Baboon seeds ,12.5,7.3,69.1,11.0,54.1,6.12,34.53,5.23,0.2,500,25.0,300.0,18.78,37.99,43.23
Baboon seeds ,12.5,7.3,69.1,11.0,54.1,6.12,34.53,5.23,0.2,500,25.0,400.0,22.18,29.97,47.83
Grape pomace,6.2,4.7,68.42,20.68,45.69,6.25,45.49,1.67,0.5,350,10.0,0.0,41.77,17.51,26.72
Grape pomace,6.2,4.7,68.42,20.68,45.69,6.25,45.49,1.67,0.5,400,10.0,0.0,39.22,19.51,27.67
Grape pomace,6.2,4.7,68.42,20.68,45.69,6.25,45.49,1.67,0.5,450,10.0,0.0,34.8,20.23,31.19
Grape pomace,6.2,4.7,68.42,20.68,45.69,6.25,45.49,1.67,0.5,500,10.0,0.0,33.54,21.76,33.07
Grape pomace,6.2,4.7,68.42,20.68,45.69,6.25,45.49,1.67,0.5,550,10.0,0.0,32.04,23.06,33.2
Grape pomace,6.2,4.7,68.42,20.68,45.69,6.25,45.49,1.67,0.5,600,10.0,0.0,28.67,17.94,39.75
Grape pomace,6.2,4.7,68.42,20.68,45.69,6.25,45.49,1.67,0.5,350,50.0,0.0,37.81,21.48,26.45
Grape pomace,6.2,4.7,68.42,20.68,45.69,6.25,45.49,1.67,0.5,400,50.0,0.0,34.08,23.23,28.08
Grape pomace,6.2,4.7,68.42,20.68,45.69,6.25,45.49,1.67,0.5,450,50.0,0.0,32.93,24.04,28.38
Grape pomace,6.2,4.7,68.42,20.68,45.69,6.25,45.49,1.67,0.5,500,50.0,0.0,32.81,24.64,28.88
Grape pomace,6.2,4.7,68.42,20.68,45.69,6.25,45.49,1.67,0.5,550,50.0,0.0,30.62,25.14,29.38
Grape pomace,6.2,4.7,68.42,20.68,45.69,6.25,45.49,1.67,0.5,600,50.0,0.0,27.82,24.2,33.09
Grape pomace,6.2,4.7,68.42,20.68,45.69,6.25,45.49,1.67,0.5,550,50.0,50.0,28.44,25.49,28.74
Grape pomace,6.2,4.7,68.42,20.68,45.69,6.25,45.49,1.67,0.5,550,50.0,100.0,28.68,27.66,30.51
Grape pomace,6.2,4.7,68.42,20.68,45.69,6.25,45.49,1.67,0.5,550,50.0,150.0,27.91,26.89,33.41
Grape pomace,6.2,4.7,68.42,20.68,45.69,6.25,45.49,1.67,0.5,550,50.0,2000.0,27.24,24.08,37.11
Southern bimorphic microalgae,0.08,17.33,51.45,31.13,52.6,6.21,31.92,8.75,0.2,300,10.0,100.0,36.1,49.2,14.71
Southern bimorphic microalgae,0.08,17.33,51.45,31.13,52.6,6.21,31.92,8.75,0.2,400,10.0,100.0,28.56,53.02,18.42
Southern bimorphic microalgae,0.08,17.33,51.45,31.13,52.6,6.21,31.92,8.75,0.2,500,10.0,100.0,25.59,55.25,19.16
Southern bimorphic microalgae,0.08,17.33,51.45,31.13,52.6,6.21,31.92,8.75,0.2,600,10.0,100.0,21.88,53.64,24.48
Palm trunk,7.16,5.27,82.6,4.97,42.72,5.61,51.24,0.44,1.5,500,10.0,2000.0,40.87,33.6,25.53
Thallus,13.84,0.24,82.7,3.22,42.76,5.99,50.88,0.39,1.5,500,10.0,2000.0,43.5,30.24,26.26
Leaf,9.0,12.32,66.76,11.92,42.76,5.99,50.88,0.39,1.5,500,10.0,2000.0,16.58,36.75,46.67
Leaf rib,8.01,4.26,75.94,11.79,43.76,6.3,49.57,0.38,1.5,500,10.0,2000.0,29.02,28.63,42.35
pomegranate seeds,5.38,1.83,78.71,14.08,49.65,7.54,38.13,4.03,3.2,400,5.0,30.0,41.47,42.2,16.33
pomegranate seeds,5.38,1.83,78.71,14.08,49.65,7.54,38.13,4.03,3.2,500,5.0,30.0,29.83,54.04,16.13
pomegranate seeds,5.38,1.83,78.71,14.08,49.65,7.54,38.13,4.03,3.2,600,5.0,30.0,29.28,54.2,16.52
pomegranate seeds,5.38,1.83,78.71,14.08,49.65,7.54,38.13,4.03,3.2,800,5.0,30.0,27.87,52.07,20.06
Lemon grass,5.7,7.21,59.99,39.34,39.34,5.81,53.3,1.54,0.65,350,0.0,100.0,42.67,28.97,25.86
Lemon grass,5.7,7.21,59.99,39.34,39.34,5.81,53.3,1.54,0.65,400,30.0,100.0,40.34,32.33,27.93
Lemon grass,5.7,7.21,59.99,39.34,39.34,5.81,53.3,1.54,0.65,450,30.0,100.0,35.95,35.95,29.48
Lemon grass,5.7,7.21,59.99,39.34,39.34,5.81,53.3,1.54,0.65,500,30.0,100.0,31.29,33.88,34.4
Lemon grass,5.7,7.21,59.99,39.34,39.34,5.81,53.3,1.54,0.65,550,30.0,100.0,24.83,31.55,40.09
Lemon grass,5.7,7.21,59.99,39.34,39.34,5.81,53.3,1.54,0.85,450,15.0,100.0,39.49,34.77,25.33
Lemon grass,5.7,7.21,59.99,39.34,39.34,5.81,53.3,1.54,0.85,450,30.0,100.0,36.53,36.25,30.14
Lemon grass,5.7,7.21,59.99,39.34,39.34,5.81,53.3,1.54,0.85,450,45.0,100.0,25.23,41.07,34.68
Lemon grass,5.7,7.21,59.99,39.34,39.34,5.81,53.3,1.54,0.45,450,30.0,100.0,29.22,32.84,38.02
Lemon grass,5.7,7.21,59.99,39.34,39.34,5.81,53.3,1.54,0.65,450,30.0,100.0,32.33,35.17,32.07
Lemon grass,5.7,7.21,59.99,39.34,39.34,5.81,53.3,1.54,0.85,450,30.0,100.0,36.21,36.21,29.74
Lemon grass,5.7,7.21,59.99,39.34,39.34,5.81,53.3,1.54,1.13,450,30.0,100.0,38.53,35.69,25.6
rapeseed,4.9,5.5,81.7,7.9,62.1,9.1,24.9,3.9,0.65,400,30.0,0.0,24.62,41.08,26.44
rapeseed,4.9,5.5,81.7,7.9,62.1,9.1,24.9,3.9,0.65,500,30.0,0.0,21.7,45.18,26.12
rapeseed,4.9,5.5,81.7,7.9,62.1,9.1,24.9,3.9,0.65,550,30.0,0.0,19.38,46.67,25.96
rapeseed,4.9,5.5,81.7,7.9,62.1,9.1,24.9,3.9,0.65,600,30.0,0.0,19.21,45.64,27.01
rapeseed,4.9,5.5,81.7,7.9,62.1,9.1,24.9,3.9,0.65,700,30.0,0.0,18.29,44.36,30.59
rapeseed,4.9,5.5,81.7,7.9,62.1,9.1,24.9,3.9,0.23,550,30.0,0.0,22.53,43.01,26.22
rapeseed,4.9,5.5,81.7,7.9,62.1,9.1,24.9,3.9,0.53,550,30.0,0.0,21.05,44.67,25.98
rapeseed,4.9,5.5,81.7,7.9,62.1,9.1,24.9,3.9,0.73,550,30.0,0.0,16.56,48.24,27.42
rapeseed,4.9,5.5,81.7,7.9,62.1,9.1,24.9,3.9,1.03,550,30.0,0.0,15.53,49.23,29.3
rapeseed,4.9,5.5,81.7,7.9,62.1,9.1,24.9,3.9,1.6,550,30.0,0.0,17.08,48.42,27.49
rapeseed,4.9,5.5,81.7,7.9,62.1,9.1,24.9,3.9,2.0,550,30.0,0.0,20.98,46.28,26.47
rapeseed,4.9,5.5,81.7,7.9,62.1,9.1,24.9,3.9,1.2,550,30.0,50.0,16.34,48.64,27.03
rapeseed,4.9,5.5,81.7,7.9,62.1,9.1,24.9,3.9,1.2,550,30.0,100.0,15.54,51.41,25.9
rapeseed,4.9,5.5,81.7,7.9,62.1,9.1,24.9,3.9,1.2,550,30.0,200.0,15.3,51.61,24.88
rapeseed,4.9,5.5,81.7,7.9,62.1,9.1,24.9,3.9,1.2,550,30.0,400.0,15.58,49.22,27.5
rapeseed,4.9,5.5,81.7,7.9,62.1,9.1,24.9,3.9,0.63,400,300.0,100.0,27.07,36.1,6.1
rapeseed,4.9,5.5,81.7,7.9,62.1,9.1,24.9,3.9,0.63,500,300.0,100.0,17.46,60.68,6.01
rapeseed,4.9,5.5,81.7,7.9,62.1,9.1,24.9,3.9,0.63,550,300.0,100.0,16.12,63.22,6.28
rapeseed,4.9,5.5,81.7,7.9,62.1,9.1,24.9,3.9,0.63,600,300.0,100.0,15.1,61.56,6.28
rapeseed,4.9,5.5,81.7,7.9,62.1,9.1,24.9,3.9,0.63,700,300.0,100.0,14.2,56.94,5.98
rapeseed,4.9,5.5,81.7,7.9,62.1,9.1,24.9,3.9,0.23,550,300.0,100.0,19.25,55.25,18.2
rapeseed,4.9,5.5,81.7,7.9,62.1,9.1,24.9,3.9,0.53,550,300.0,100.0,18.78,58.26,16.17
rapeseed,4.9,5.5,81.7,7.9,62.1,9.1,24.9,3.9,0.73,550,300.0,100.0,12.93,68.06,12.41
rapeseed,4.9,5.5,81.7,7.9,62.1,9.1,24.9,3.9,1.03,550,300.0,100.0,13.16,67.77,12.98
rapeseed,4.9,5.5,81.7,7.9,62.1,9.1,24.9,3.9,1.6,550,300.0,100.0,13.22,65.57,14.78
rapeseed,4.9,5.5,81.7,7.9,62.1,9.1,24.9,3.9,2.0,550,300.0,100.0,16.06,64.58,14.67
rapeseed,4.9,5.5,81.7,7.9,62.1,9.1,24.9,3.9,0.93,550,300.0,50.0,14.27,65.07,14.93
rapeseed,4.9,5.5,81.7,7.9,62.1,9.1,24.9,3.9,0.93,550,300.0,100.0,13.12,68.19,12.96
rapeseed,4.9,5.5,81.7,7.9,62.1,9.1,24.9,3.9,0.93,550,300.0,200.0,13.62,68.19,12.63
rapeseed,4.9,5.5,81.7,7.9,62.1,9.1,24.9,3.9,0.93,550,300.0,400.0,14.44,65.89,14.11
Corncob,7.36,1.49,79.58,11.57,49.32,5.35,44.7,0.63,0.5,400,7.0,50.0,31.98,17.85,35.03
Corncob,7.36,1.49,79.58,11.57,49.32,5.35,44.7,0.63,0.5,450,7.0,50.0,29.8,19.42,35.29
Corncob,7.36,1.49,79.58,11.57,49.32,5.35,44.7,0.63,0.5,500,7.0,50.0,27.53,21.16,36.25
Corncob,7.36,1.49,79.58,11.57,49.32,5.35,44.7,0.63,0.5,550,7.0,50.0,27.01,20.2,37.12
Corncob,7.36,1.49,79.58,11.57,49.32,5.35,44.7,0.63,0.5,400,40.0,50.0,27.14,23.27,35.14
Corncob,7.36,1.49,79.58,11.57,49.32,5.35,44.7,0.63,0.5,450,40.0,50.0,25.8,24.25,36.12
Corncob,7.36,1.49,79.58,11.57,49.32,5.35,44.7,0.63,0.5,500,40.0,50.0,24.46,25.32,36.67
Corncob,7.36,1.49,79.58,11.57,49.32,5.35,44.7,0.63,0.5,550,40.0,50.0,23.55,23.98,38.07
Corncob,7.36,1.49,79.58,11.57,49.32,5.35,44.7,0.63,0.5,500,40.0,50.0,24.65,26.16,35.18
Corncob,7.36,1.49,79.58,11.57,49.32,5.35,44.7,0.63,0.5,500,40.0,100.0,24.0,26.65,35.77
Corncob,7.36,1.49,79.58,11.57,49.32,5.35,44.7,0.63,0.5,500,40.0,150.0,23.35,25.38,37.5
Corncob,7.36,1.49,79.58,11.57,49.32,5.35,44.7,0.63,0.5,500,40.0,200.0,23.4,47.7,38.62
"OPMF,PF",4.75,1.4,66.84,27.01,45.38,10.59,42.04,1.32,0.18,550,10.0,100.0,33.35,48.69,19.22
"OPMF,PF",4.75,1.4,66.84,27.01,45.38,10.59,42.04,1.32,0.18,550,10.0,200.0,34.45,46.26,16.9
"OPMF,PF",4.75,1.4,66.84,27.01,45.38,10.59,42.04,1.32,0.18,550,10.0,300.0,33.61,0.84,20.62
"OPMF,PF",4.83,5.87,70.33,18.97,41.0,6.74,51.24,0.67,0.18,550,10.0,100.0,25.35,49.52,24.98
"OPMF,PF",4.83,5.87,70.33,18.97,41.0,6.74,51.24,0.67,0.18,550,10.0,200.0,26.55,45.98,28.22
"OPMF,PF",4.83,5.87,70.33,18.97,41.0,6.74,51.24,0.67,0.18,550,10.0,300.0,25.82,45.77,29.16
"OPMF,PF",4.75,1.4,66.84,27.01,45.38,10.59,42.04,1.32,0.18,400,10.0,200.0,40.81,40.81,17.87
"OPMF,PF",4.75,1.4,66.84,27.01,45.38,10.59,42.04,1.32,0.18,450,10.0,200.0,38.16,47.21,15.0
"OPMF,PF",4.75,1.4,66.84,27.01,45.38,10.59,42.04,1.32,0.18,500,10.0,200.0,33.53,47.65,17.43
"OPMF,PF",4.75,1.4,66.84,27.01,45.38,10.59,42.04,1.32,0.65,550,10.0,200.0,34.41,50.51,15.44
"OPMF,PF",4.75,1.4,66.84,27.01,45.38,10.59,42.04,1.32,0.18,600,10.0,200.0,33.09,48.09,18.53
"OPMF,PF",4.83,5.87,70.33,18.97,41.0,6.74,51.24,0.67,0.18,400,10.0,200.0,31.55,42.27,25.16
"OPMF,PF",4.83,5.87,70.33,18.97,41.0,6.74,51.24,0.67,0.18,450,10.0,200.0,28.92,45.41,25.41
"OPMF,PF",4.83,5.87,70.33,18.97,41.0,6.74,51.24,0.67,0.18,500,10.0,200.0,27.11,45.46,26.91
"OPMF,PF",4.83,5.87,70.33,18.97,41.0,6.74,51.24,0.67,0.18,550,10.0,200.0,26.55,45.93,28.4
"OPMF,PF",4.83,5.87,70.33,18.97,41.0,6.74,51.24,0.67,0.18,600,10.0,200.0,23.51,47.01,29.28
Apricot shell,8.3,0.95,75.0,15.75,47.33,6.37,45.93,0.37,0.43,400,10.0,0.0,35.22,20.56,37.5
Apricot shell,8.3,0.95,75.0,15.75,47.33,6.37,45.93,0.37,0.43,450,10.0,0.0,32.12,21.1,39.11
Apricot shell,8.3,0.95,75.0,15.75,47.33,6.37,45.93,0.37,0.43,500,10.0,0.0,30.11,22.18,40.32
Apricot shell,8.3,0.95,75.0,15.75,47.33,6.37,45.93,0.37,0.43,550,10.0,0.0,29.03,21.1,42.74
Apricot shell,8.3,0.95,75.0,15.75,47.33,6.37,45.93,0.37,0.43,400,50.0,0.0,28.21,22.68,30.55
Apricot shell,8.3,0.95,75.0,15.75,47.33,6.37,45.93,0.37,0.43,450,50.0,0.0,28.45,23.23,30.68
Apricot shell,8.3,0.95,75.0,15.75,47.33,6.37,45.93,0.37,0.43,500,50.0,0.0,26.66,24.32,31.66
Apricot shell,8.3,0.95,75.0,15.75,47.33,6.37,45.93,0.37,0.43,550,50.0,0.0,26.15,22.96,33.07
Apricot shell,5.53,1.16,77.62,15.69,52.48,7.58,35.3,4.54,0.65,300,20.0,100.0,40.48,46.82,12.71
Cherry seed,5.53,1.16,77.62,15.69,52.48,7.58,35.3,4.54,0.65,400,20.0,100.0,30.4,51.96,17.65
Cherry seed,5.53,1.16,77.62,15.69,52.48,7.58,35.3,4.54,0.65,500,20.0,100.0,26.52,52.75,20.76
Cherry seed,5.53,1.16,77.62,15.69,52.48,7.58,35.3,4.54,0.65,600,20.0,100.0,25.41,52.8,21.77
Cherry seed,5.53,1.16,77.62,15.69,52.48,7.58,35.3,4.54,0.65,400,20.0,100.0,31.41,48.76,19.81
Cherry seed,5.53,1.16,77.62,15.69,52.48,7.58,35.3,4.54,0.65,500,20.0,100.0,19.26,57.15,23.59
Cherry seed,5.53,1.16,77.62,15.69,52.48,7.58,35.3,4.54,0.65,600,20.0,100.0,15.16,47.33,37.51
Cherry seed,6.08,0.78,76.12,17.02,48.86,6.32,41.62,3.09,0.65,300,20.0,100.0,39.01,46.76,14.23
Cherry seed,6.08,0.78,76.12,17.02,48.86,6.32,41.62,3.09,0.65,400,20.0,100.0,31.43,51.83,16.74
Cherry seed,6.08,0.78,76.12,17.02,48.86,6.32,41.62,3.09,0.65,500,20.0,100.0,27.83,53.76,18.41
Cherry seed,6.08,0.78,76.12,17.02,48.86,6.32,41.62,3.09,0.65,600,20.0,100.0,27.14,52.78,20.08
Cherry seed,6.08,0.78,76.12,17.02,48.86,6.32,41.62,3.09,0.65,400,20.0,100.0,24.16,62.45,13.39
Cherry seed,6.08,0.78,76.12,17.02,48.86,6.32,41.62,3.09,0.65,500,20.0,100.0,15.54,60.82,23.64
Cherry seed,6.08,0.78,76.12,17.02,48.86,6.32,41.62,3.09,0.65,600,20.0,100.0,18.4,52.31,29.29
"wheat straw , oat straw ",5.9,6.9,74.2,13.0,52.9,6.3,40.4,0.4,0.5,300,7.0,100.0,32.03,14.05,31.81
"wheat straw , oat straw ",5.9,6.9,74.2,13.0,52.9,6.3,40.4,0.4,0.5,400,7.0,100.0,27.47,15.19,32.73
"wheat straw , oat straw ",5.9,6.9,74.2,13.0,52.9,6.3,40.4,0.4,0.5,500,7.0,100.0,26.19,19.39,30.13
"wheat straw , oat straw ",5.9,6.9,74.2,13.0,52.9,6.3,40.4,0.4,0.5,600,7.0,100.0,24.69,17.89,31.92
"wheat straw , oat straw ",5.9,6.9,74.2,13.0,52.9,6.3,40.4,0.4,0.5,700,7.0,100.0,22.53,14.2,39.42
"wheat straw , oat straw ",5.9,6.9,74.2,13.0,52.9,6.3,40.4,0.4,0.5,800,7.0,100.0,22.35,13.36,40.55
"wheat straw , oat straw ",6.7,17.3,75.9,0.2,48.5,6.0,45.1,0.4,0.4,300,7.0,100.0,31.84,15.42,28.11
"wheat straw , oat straw ",6.7,17.3,75.9,0.2,48.5,6.0,45.1,0.4,0.4,400,7.0,100.0,29.1,14.18,29.6
"wheat straw , oat straw ",6.7,17.3,75.9,0.2,48.5,6.0,45.1,0.4,0.4,500,7.0,100.0,27.11,19.15,30.1
"wheat straw , oat straw ",6.7,17.3,75.9,0.2,48.5,6.0,45.1,0.4,0.4,600,7.0,100.0,24.63,19.65,30.85
"wheat straw , oat straw ",6.7,17.3,75.9,0.2,48.5,6.0,45.1,0.4,0.4,700,7.0,100.0,22.39,16.17,33.58
"wheat straw , oat straw ",6.7,17.3,75.9,0.2,48.5,6.0,45.1,0.4,0.4,800,7.0,100.0,22.89,14.68,34.83
Glycyrrhiza glabra,3.67,3.04,74.9,14.08,45.13,6.24,48.03,0.6,10.0,350,20.0,100.0,29.89,26.53,43.59
Glycyrrhiza glabra,3.67,3.04,74.9,14.08,45.13,6.24,48.03,0.6,10.0,450,20.0,100.0,27.58,29.91,42.51
Glycyrrhiza glabra,3.67,3.04,74.9,14.08,45.13,6.24,48.03,0.6,10.0,550,20.0,100.0,26.54,31.53,41.93
Glycyrrhiza glabra,3.67,3.04,74.9,14.08,45.13,6.24,48.03,0.6,10.0,350,20.0,100.0,37.41,27.38,35.21
Glycyrrhiza glabra,3.67,3.04,74.9,14.08,45.13,6.24,48.03,0.6,10.0,450,20.0,100.0,33.14,28.05,38.81
Glycyrrhiza glabra,3.67,3.04,74.9,14.08,45.13,6.24,48.03,0.6,10.0,550,20.0,100.0,29.69,29.55,40.76
Glycyrrhiza glabra,3.67,3.04,74.9,14.08,45.13,6.24,48.03,0.6,10.0,350,20.0,100.0,35.77,26.68,37.55
Glycyrrhiza glabra,3.67,3.04,74.9,14.08,45.13,6.24,48.03,0.6,10.0,450,20.0,100.0,32.41,28.36,39.23
Glycyrrhiza glabra,3.67,3.04,74.9,14.08,45.13,6.24,48.03,0.6,10.0,550,20.0,100.0,30.51,33.66,35.83
Glycyrrhiza glabra,3.67,3.04,74.9,14.08,45.13,6.24,48.03,0.6,10.0,350,20.0,100.0,35.86,25.37,38.77
Glycyrrhiza glabra,3.67,3.04,74.9,14.08,45.13,6.24,48.03,0.6,10.0,450,20.0,100.0,32.46,26.08,41.46
Glycyrrhiza glabra,3.67,3.04,74.9,14.08,45.13,6.24,48.03,0.6,10.0,550,20.0,100.0,30.47,27.79,41.74
Glycyrrhiza glabra,3.67,3.04,74.9,14.08,45.13,6.24,48.03,0.6,10.0,350,20.0,100.0,33.35,26.65,40.0
Glycyrrhiza glabra,3.67,3.04,74.9,14.08,45.13,6.24,48.03,0.6,10.0,450,20.0,100.0,32.46,28.18,39.37
Glycyrrhiza glabra,3.67,3.04,74.9,14.08,45.13,6.24,48.03,0.6,10.0,550,20.0,100.0,28.14,29.4,42.46
Glycyrrhiza glabra,3.67,3.04,74.9,14.08,45.13,6.24,48.03,0.6,10.0,350,20.0,100.0,30.94,26.98,42.08
Glycyrrhiza glabra,3.67,3.04,74.9,14.08,45.13,6.24,48.03,0.6,10.0,450,20.0,100.0,28.63,27.2,44.17
Glycyrrhiza glabra,3.67,3.04,74.9,14.08,45.13,6.24,48.03,0.6,10.0,550,20.0,100.0,26.27,34.42,39.31
sesame seed,8.7,6.63,74.8,9.87,52.43,6.09,40.86,0.62,0.6,400,300.0,100.0,33.07,41.36,25.57
sesame seed,8.7,6.63,74.8,9.87,52.43,6.09,40.86,0.62,0.6,500,300.0,100.0,23.07,49.77,27.16
sesame seed,8.7,6.63,74.8,9.87,52.43,6.09,40.86,0.62,0.6,550,300.0,100.0,20.11,52.73,27.16
sesame seed,8.7,6.63,74.8,9.87,52.43,6.09,40.86,0.62,0.6,700,300.0,100.0,16.7,43.75,39.55
sesame seed,8.7,6.63,74.8,9.87,52.43,6.09,40.86,0.62,0.33,550,300.0,100.0,23.11,48.54,28.34
sesame seed,8.7,6.63,74.8,9.87,52.43,6.09,40.86,0.62,0.63,550,300.0,100.0,19.98,52.61,27.4
sesame seed,8.7,6.63,74.8,9.87,52.43,6.09,40.86,0.62,1.03,550,300.0,100.0,21.47,51.21,27.31
sesame seed,8.7,6.63,74.8,9.87,52.43,6.09,40.86,0.62,1.35,550,300.0,100.0,20.17,47.99,31.84
sesame seed,8.7,6.63,74.8,9.87,52.43,6.09,40.86,0.62,0.6,550,100.0,100.0,22.38,53.33,24.29
sesame seed,8.7,6.63,74.8,9.87,52.43,6.09,40.86,0.62,1.6,550,300.0,100.0,20.16,54.29,25.56
sesame seed,8.7,6.63,74.8,9.87,52.43,6.09,40.86,0.62,2.6,550,500.0,100.0,18.25,55.71,26.03
sesame seed,8.7,6.63,74.8,9.87,52.43,6.09,40.86,0.62,3.6,550,700.0,100.0,20.16,53.02,26.83
tobacco residues,7.74,11.16,67.67,13.43,51.65,6.2,40.1,2.05,0.65,400,7.0,50.0,49.02,35.04,15.94
tobacco residues,8.74,12.16,68.67,14.43,52.65,7.2,41.1,3.05,0.65,500,7.0,50.0,36.28,37.99,25.73
tobacco residues,9.74,13.16,69.67,15.43,53.65,8.2,42.1,4.05,0.65,550,7.0,50.0,34.05,39.11,26.83
tobacco residues,10.74,14.16,70.67,16.43,54.65,9.2,43.1,5.05,0.65,700,7.0,50.0,29.46,37.74,32.8
tobacco residues,11.74,15.16,71.67,17.43,55.65,10.2,44.1,6.05,0.65,400,7.0,100.0,49.23,35.97,14.8
tobacco residues,12.74,16.16,72.67,18.43,56.65,11.2,45.1,7.05,0.65,500,7.0,100.0,35.56,39.38,25.06
tobacco residues,13.74,17.16,73.67,19.43,57.65,12.2,46.1,8.05,0.65,550,7.0,100.0,32.72,41.82,25.46
tobacco residues,14.74,18.16,74.67,20.43,58.65,13.2,47.1,9.05,0.65,700,7.0,100.0,29.07,39.32,31.61
tobacco residues,15.74,19.16,75.67,21.43,59.65,14.2,48.1,10.05,0.65,400,7.0,200.0,50.15,35.16,14.68
tobacco residues,16.74,20.16,76.67,22.43,60.65,15.2,49.1,11.05,0.65,500,7.0,200.0,36.95,39.5,23.54
tobacco residues,17.74,21.16,77.67,23.43,61.65,16.2,50.1,12.05,0.65,550,7.0,200.0,34.68,40.18,25.15
tobacco residues,18.74,22.16,78.67,24.43,62.65,17.2,51.1,13.05,0.65,700,7.0,200.0,27.85,36.01,36.14
tobacco residues,19.74,23.16,79.67,25.43,63.65,18.2,52.1,14.05,0.65,400,7.0,400.0,52.09,22.4,25.52
tobacco residues,20.74,24.16,80.67,26.43,64.65,19.2,53.1,15.05,0.65,500,7.0,400.0,46.16,24.31,29.53
tobacco residues,21.74,25.16,81.67,27.43,65.65,20.2,54.1,16.05,0.65,550,7.0,400.0,42.02,26.62,31.36
tobacco residues,22.74,26.16,82.67,28.43,66.65,21.2,55.1,17.05,0.65,700,7.0,400.0,34.12,23.81,42.08
rice straw,7.16,15.43,62.43,14.98,44.82,5.08,49.18,0.92,0.85,400,5.0,100.0,30.84,22.17,25.8
rice straw,7.16,15.43,62.43,14.98,44.82,5.08,49.18,0.92,0.85,500,5.0,100.0,28.3,26.36,23.09
rice straw,7.16,15.43,62.43,14.98,44.82,5.08,49.18,0.92,0.85,600,5.0,100.0,26.91,27.92,24.17
rice straw,7.16,15.43,62.43,14.98,44.82,5.08,49.18,0.92,0.85,700,5.0,100.0,24.86,23.25,29.98
rice straw,7.16,15.43,62.43,14.98,44.82,5.08,49.18,0.92,2.0,600,5.0,100.0,27.79,24.96,24.6
rice straw,7.16,15.43,62.43,14.98,44.82,5.08,49.18,0.92,1.6,600,5.0,100.0,27.08,25.49,23.36
rice straw,7.16,15.43,62.43,14.98,44.82,5.08,49.18,0.92,1.05,600,5.0,100.0,26.19,26.55,23.19
rice straw,7.16,15.43,62.43,14.98,44.82,5.08,49.18,0.92,0.63,600,5.0,100.0,25.49,27.79,23.36
rice straw,7.16,15.43,62.43,14.98,44.82,5.08,49.18,0.92,0.33,600,5.0,100.0,27.61,25.84,22.83
rice straw,7.16,15.43,62.43,14.98,44.82,5.08,49.18,0.92,0.1,600,5.0,100.0,30.27,24.96,21.06
rice straw,7.16,15.43,62.43,14.98,44.82,5.08,49.18,0.92,0.63,600,5.0,50.0,26.55,28.57,17.31
rice straw,7.16,15.43,62.43,14.98,44.82,5.08,49.18,0.92,0.63,600,5.0,100.0,26.39,29.58,15.63
rice straw,7.16,15.43,62.43,14.98,44.82,5.08,49.18,0.92,0.63,600,5.0,200.0,25.88,30.08,12.77
rice straw,7.16,15.43,62.43,14.98,44.82,5.08,49.18,0.92,0.63,600,5.0,400.0,25.71,28.24,14.62
Lampranthus spectabilis,5.6,4.6,74.9,14.08,39.27,6.54,52.91,1.28,0.2,350,10.0,100.0,39.7,31.69,28.52
Lampranthus spectabilis,5.6,4.6,74.9,14.08,39.27,6.54,52.91,1.28,0.2,400,10.0,100.0,38.34,32.29,29.28
Lampranthus spectabilis,5.6,4.6,74.9,14.08,39.27,6.54,52.91,1.28,0.2,450,10.0,100.0,37.69,32.53,29.83
Lampranthus spectabilis,5.6,4.6,74.9,14.08,39.27,6.54,52.91,1.28,0.2,500,10.0,100.0,37.17,32.86,30.04
Lampranthus spectabilis,5.6,4.6,74.9,14.08,39.27,6.54,52.91,1.28,0.2,550,10.0,100.0,36.58,31.59,31.9
Lampranthus spectabilis,5.6,4.6,74.9,14.08,39.27,6.54,52.91,1.28,0.2,350,30.0,100.0,38.13,32.27,29.6
Lampranthus spectabilis,5.6,4.6,74.9,14.08,39.27,6.54,52.91,1.28,0.2,400,30.0,100.0,37.58,32.94,29.53
Lampranthus spectabilis,5.6,4.6,74.9,14.08,39.27,6.54,52.91,1.28,0.2,450,30.0,100.0,36.41,33.31,30.27
Lampranthus spectabilis,5.6,4.6,74.9,14.08,39.27,6.54,52.91,1.28,0.2,500,30.0,100.0,35.89,33.8,30.34
Lampranthus spectabilis,5.6,4.6,74.9,14.08,39.27,6.54,52.91,1.28,0.2,550,30.0,100.0,35.53,32.61,31.9
Lampranthus spectabilis,5.6,4.6,74.9,14.08,39.27,6.54,52.91,1.28,0.2,350,50.0,100.0,37.63,33.37,29.0
Lampranthus spectabilis,5.6,4.6,74.9,14.08,39.27,6.54,52.91,1.28,0.2,400,50.0,100.0,36.77,33.65,29.58
Lampranthus spectabilis,5.6,4.6,74.9,14.08,39.27,6.54,52.91,1.28,0.2,450,50.0,100.0,36.12,33.86,30.04
Lampranthus spectabilis,5.6,4.6,74.9,14.08,39.27,6.54,52.91,1.28,0.2,500,50.0,100.0,34.61,34.61,30.71
Lampranthus spectabilis,5.6,4.6,74.9,14.08,39.27,6.54,52.91,1.28,0.2,550,50.0,100.0,33.88,32.92,33.15
Lampranthus spectabilis,5.6,4.6,74.9,14.08,39.27,6.54,52.91,1.28,0.2,500,50.0,100.0,34.7,34.89,30.63
Lampranthus spectabilis,5.6,4.6,74.9,14.08,39.27,6.54,52.91,1.28,0.26,500,50.0,100.0,35.47,33.67,31.12
Lampranthus spectabilis,5.6,4.6,74.9,14.08,39.27,6.54,52.91,1.28,0.36,500,50.0,100.0,35.4,32.94,31.23
Lampranthus spectabilis,5.6,4.6,74.9,14.08,39.27,6.54,52.91,1.28,0.63,500,50.0,100.0,36.36,32.86,31.06
Lampranthus spectabilis,5.6,4.6,74.9,14.08,39.27,6.54,52.91,1.28,0.2,500,50.0,100.0,34.74,34.43,31.03
Lampranthus spectabilis,5.6,4.6,74.9,14.08,39.27,6.54,52.91,1.28,0.2,500,50.0,150.0,32.73,35.21,31.34
Lampranthus spectabilis,5.6,4.6,74.9,14.08,39.27,6.54,52.91,1.28,0.2,500,50.0,200.0,33.04,35.98,31.03
Lampranthus spectabilis,5.6,4.6,74.9,14.08,39.27,6.54,52.91,1.28,0.2,500,50.0,250.0,32.42,33.2,34.28
Lampranthus spectabilis,5.8,7.4,76.1,10.7,49.81,6.22,39.1,4.87,1.33,400,300.0,25.0,41.98,39.5,18.53
Lampranthus spectabilis,5.8,7.4,76.1,10.7,49.81,6.22,39.1,4.87,1.33,500,300.0,25.0,34.95,48.79,16.25
Lampranthus spectabilis,5.8,7.4,76.1,10.7,49.81,6.22,39.1,4.87,1.33,550,300.0,25.0,32.95,43.21,23.85
Lampranthus spectabilis,5.8,7.4,76.1,10.7,49.81,6.22,39.1,4.87,1.33,700,300.0,25.0,29.47,51.19,19.34
Lampranthus spectabilis,5.8,7.4,76.1,10.7,49.81,6.22,39.1,4.87,1.33,400,300.0,100.0,41.18,39.2,19.62
Lampranthus spectabilis,5.8,7.4,76.1,10.7,49.81,6.22,39.1,4.87,1.33,500,300.0,100.0,33.19,55.38,11.43
Lampranthus spectabilis,5.8,7.4,76.1,10.7,49.81,6.22,39.1,4.87,1.33,550,300.0,100.0,31.93,57.69,10.38
Lampranthus spectabilis,5.8,7.4,76.1,10.7,49.81,6.22,39.1,4.87,1.33,700,300.0,100.0,26.26,41.3,32.44
Avocado seed ,9.75,1.43,74.9,14.08,41.98,6.77,50.58,0.66,0.5,400,50.0,30.0,26.75,28.1,45.15
Avocado seed ,9.75,1.43,74.9,14.08,41.98,6.77,50.58,0.66,0.5,500,50.0,30.0,24.8,29.55,45.65
Avocado seed ,9.75,1.43,74.9,14.08,41.98,6.77,50.58,0.66,0.5,600,50.0,30.0,22.95,36.45,40.65
Avocado seed ,9.75,1.43,74.9,14.08,41.98,6.77,50.58,0.66,0.5,400,50.0,30.0,29.05,35.54,35.55
Avocado seed ,9.75,1.43,74.9,14.08,41.98,6.77,50.58,0.66,0.5,500,50.0,30.0,27.5,36.6,35.9
Avocado seed ,9.75,1.43,74.9,14.08,41.98,6.77,50.58,0.66,0.5,600,50.0,30.0,26.25,37.5,36.0
Avocado seed ,9.75,1.43,74.9,14.08,41.98,6.77,50.58,0.66,0.5,400,50.0,30.0,27.85,27.4,44.75
Avocado seed ,9.75,1.43,74.9,14.08,41.98,6.77,50.58,0.66,0.5,500,50.0,30.0,26.25,32.05,41.7
Avocado seed ,9.75,1.43,74.9,14.08,41.98,6.77,50.58,0.66,0.5,600,50.0,30.0,24.25,34.0,43.25
P. glabra and M. ferrea seeds,3.5,2.72,74.58,19.2,44.0,5.46,48.8,1.61,0.2,350,40.0,100.0,33.0,23.16,19.48
P. glabra and M. ferrea seeds,3.5,2.72,74.58,19.2,44.0,5.46,48.8,1.61,0.2,450,40.0,100.0,29.4,25.6,21.68
P. glabra and M. ferrea seeds,3.5,2.72,74.58,19.2,44.0,5.46,48.8,1.61,0.2,550,40.0,100.0,28.6,28.56,23.32
P. glabra and M. ferrea seeds,3.5,2.72,74.58,19.2,44.0,5.46,48.8,1.61,0.2,650,40.0,100.0,28.84,26.84,24.68
P. glabra and M. ferrea seeds,3.8,1.17,76.83,18.2,47.5,5.43,45.9,1.15,0.2,350,40.0,100.0,30.54,25.23,20.48
P. glabra and M. ferrea seeds,3.8,1.17,76.83,18.2,47.5,5.43,45.9,1.15,0.2,450,40.0,100.0,27.46,26.87,23.18
P. glabra and M. ferrea seeds,3.8,1.17,76.83,18.2,47.5,5.43,45.9,1.15,0.2,550,40.0,100.0,26.23,29.6,23.82
P. glabra and M. ferrea seeds,3.8,1.17,76.83,18.2,47.5,5.43,45.9,1.15,0.2,650,40.0,100.0,25.87,27.84,24.74
paulownia wood ,5.7,1.06,71.8,20.64,44.73,6.12,48.28,0.87,0.73,350,10.0,0.0,31.42,43.09,24.98
paulownia wood ,5.7,1.06,71.8,20.64,44.73,6.12,48.28,0.87,0.73,400,10.0,0.0,29.62,42.63,27.19
paulownia wood ,5.7,1.06,71.8,20.64,44.73,6.12,48.28,0.87,0.73,450,10.0,0.0,28.55,44.59,26.96
paulownia wood ,5.7,1.06,71.8,20.64,44.73,6.12,48.28,0.87,0.73,500,10.0,0.0,26.74,45.71,27.84
paulownia wood ,5.7,1.06,71.8,20.64,44.73,6.12,48.28,0.87,0.73,550,10.0,0.0,26.15,45.85,28.22
paulownia wood ,5.7,1.06,71.8,20.64,44.73,6.12,48.28,0.87,0.73,600,10.0,0.0,25.57,45.14,29.09
paulownia wood ,5.7,1.06,71.8,20.64,44.73,6.12,48.28,0.87,0.73,350,50.0,0.0,29.53,48.47,22.14
paulownia wood ,5.7,1.06,71.8,20.64,44.73,6.12,48.28,0.87,0.73,400,50.0,0.0,29.3,47.71,22.86
paulownia wood ,5.7,1.06,71.8,20.64,44.73,6.12,48.28,0.87,0.73,450,50.0,0.0,27.6,50.03,23.17
paulownia wood ,5.7,1.06,71.8,20.64,44.73,6.12,48.28,0.87,0.73,500,50.0,0.0,26.17,51.16,23.35
paulownia wood ,5.7,1.06,71.8,20.64,44.73,6.12,48.28,0.87,0.73,550,50.0,0.0,24.6,50.26,25.55
paulownia wood ,5.7,1.06,71.8,20.64,44.73,6.12,48.28,0.87,0.73,600,50.0,0.0,24.11,48.69,27.74
paulownia wood ,5.7,1.06,71.8,20.64,44.73,6.12,48.28,0.87,0.33,500,50.0,0.0,27.23,51.03,21.67
paulownia wood ,5.7,1.06,71.8,20.64,44.73,6.12,48.28,0.87,0.73,500,50.0,0.0,25.89,50.85,22.79
paulownia wood ,5.7,1.06,71.8,20.64,44.73,6.12,48.28,0.87,1.4,500,50.0,0.0,25.58,48.6,25.32
paulownia wood ,5.7,1.06,71.8,20.64,44.73,6.12,48.28,0.87,2.0,500,50.0,0.0,25.66,49.71,23.72
paulownia wood ,5.7,1.06,71.8,20.64,44.73,6.12,48.28,0.87,1.0,500,50.0,100.0,25.25,54.3,19.86
paulownia wood ,5.7,1.06,71.8,20.64,44.73,6.12,48.28,0.87,1.0,500,50.0,200.0,23.01,52.8,25.4
paulownia wood ,5.7,1.06,71.8,20.64,44.73,6.12,48.28,0.87,1.0,500,50.0,300.0,23.01,51.01,26.9
paulownia wood ,5.38,1.83,78.71,14.08,49.65,7.54,38.13,4.03,3.2,400,20.0,100.0,41.47,42.2,16.33
paulownia wood ,5.38,1.83,78.71,14.08,49.65,7.54,38.13,4.03,3.2,500,20.0,100.0,29.83,54.04,16.13
paulownia wood ,5.38,1.83,78.71,14.08,49.65,7.54,38.13,4.03,3.2,600,20.0,100.0,29.28,54.2,16.52
paulownia wood ,5.38,1.83,78.71,14.08,49.65,7.54,38.13,4.03,3.2,800,20.0,100.0,27.87,52.07,20.06
spirulina,8.45,13.99,65.48,12.08,39.26,6.11,47.71,6.65,0.75,450,100.0,30.0,31.7,42.91,25.68
spirulina,8.45,13.99,65.48,12.08,39.26,6.11,47.71,6.65,0.75,500,100.0,30.0,32.49,43.28,24.19
spirulina,8.45,13.99,65.48,12.08,39.26,6.11,47.71,6.65,0.75,550,100.0,30.0,31.41,47.18,23.73
spirulina,8.45,13.99,65.48,12.08,39.26,6.11,47.71,6.65,0.75,600,100.0,30.0,32.0,42.57,27.43
spirulina,5.57,0.36,80.9,15.2,46.8,6.3,46.9,19.4,0.65,350,15.0,100.0,37.0,39.7,23.3
spirulina,5.57,0.36,80.9,15.2,46.8,6.3,46.9,19.4,0.65,400,15.0,100.0,35.9,40.0,24.1
spirulina,5.57,0.36,80.9,15.2,46.8,6.3,46.9,19.4,0.65,450,15.0,100.0,30.3,44.1,25.6
spirulina,5.57,0.36,80.9,15.2,46.8,6.3,46.9,19.4,0.65,500,15.0,100.0,28.0,45.3,26.7
spirulina,5.57,0.36,80.9,15.2,46.8,6.3,46.9,19.4,0.65,550,15.0,100.0,26.2,48.0,27.8
spirulina,5.57,0.36,80.9,15.2,46.8,6.3,46.9,19.4,0.65,600,15.0,100.0,25.2,45.7,29.1
spirulina,3.52,0.42,79.7,14.4,52.7,6.5,40.8,22.5,0.65,350,15.0,100.0,42.5,35.7,21.8
spirulina,3.52,0.42,79.7,14.4,52.7,6.5,40.8,22.5,0.65,400,15.0,100.0,35.5,38.3,26.2
spirulina,3.52,0.42,79.7,14.4,52.7,6.5,40.8,22.5,0.65,450,15.0,100.0,31.2,39.5,29.3
spirulina,3.52,0.42,79.7,14.4,52.7,6.5,40.8,22.5,0.65,500,15.0,100.0,28.7,41.1,30.2
spirulina,3.52,0.42,79.7,14.4,52.7,6.5,40.8,22.5,0.65,550,15.0,100.0,27.9,40.5,31.6
spirulina,3.52,0.42,79.7,14.4,52.7,6.5,40.8,22.5,0.65,600,15.0,100.0,28.5,39.8,31.7
rapeseed,4.0,5.5,82.6,7.9,52.25,8.06,35.78,3.91,0.53,350,7.0,100.0,31.03,39.11,29.86
rapeseed,4.0,5.5,82.6,7.9,52.25,8.06,35.78,3.91,0.53,400,7.0,100.0,29.73,41.18,29.09
rapeseed,4.0,5.5,82.6,7.9,52.25,8.06,35.78,3.91,0.53,450,7.0,100.0,24.39,41.76,33.85
rapeseed,4.0,5.5,82.6,7.9,52.25,8.06,35.78,3.91,0.53,500,7.0,100.0,24.03,45.44,30.53
rapeseed,4.0,5.5,82.6,7.9,52.25,8.06,35.78,3.91,0.53,550,7.0,100.0,24.21,44.14,31.65
rapeseed,4.0,5.5,82.6,7.9,52.25,8.06,35.78,3.91,0.53,700,7.0,100.0,22.64,42.57,34.79
rapeseed,4.0,5.5,82.6,7.9,52.25,8.06,35.78,3.91,0.53,350,40.0,100.0,28.07,31.71,40.22
rapeseed,4.0,5.5,82.6,7.9,52.25,8.06,35.78,3.91,0.53,400,40.0,100.0,24.61,36.2,39.19
rapeseed,4.0,5.5,82.6,7.9,52.25,8.06,35.78,3.91,0.53,450,40.0,100.0,20.89,36.64,42.47
rapeseed,4.0,5.5,82.6,7.9,52.25,8.06,35.78,3.91,0.53,500,40.0,100.0,21.07,39.25,39.69
rapeseed,4.0,5.5,82.6,7.9,52.25,8.06,35.78,3.91,0.53,550,40.0,100.0,20.84,37.54,41.62
rapeseed,4.0,5.5,82.6,7.9,52.25,8.06,35.78,3.91,0.53,700,40.0,100.0,20.08,35.57,44.35
sunflower bagasse,5.0,6.9,73.8,14.3,49.6,7.4,38.6,4.4,1.13,300,7.0,0.0,32.1,51.3,16.6
sunflower bagasse,5.0,6.9,73.8,14.3,49.6,7.4,38.6,4.4,1.13,400,7.0,0.0,29.2,53.2,17.6
sunflower bagasse,5.0,6.9,73.8,14.3,49.6,7.4,38.6,4.4,1.13,450,7.0,0.0,28.4,54.4,17.2
sunflower bagasse,5.0,6.9,73.8,14.3,49.6,7.4,38.6,4.4,1.13,520,7.0,0.0,28.0,53.4,18.6
sunflower bagasse,5.0,6.9,73.8,14.3,49.6,7.4,38.6,4.4,1.13,700,7.0,0.0,26.5,53.3,20.2
sunflower bagasse,5.0,6.9,73.8,14.3,49.6,7.4,38.6,4.4,1.13,900,7.0,0.0,26.0,52.9,21.1
sunflower bagasse,5.0,6.9,73.8,14.3,49.6,7.4,38.6,4.4,1.13,300,30.0,0.0,26.4,49.1,24.5
sunflower bagasse,5.0,6.9,73.8,14.3,49.6,7.4,38.6,4.4,1.13,400,30.0,0.0,26.2,49.4,24.4
sunflower bagasse,5.0,6.9,73.8,14.3,49.6,7.4,38.6,4.4,1.13,450,30.0,0.0,26.2,49.2,24.6
sunflower bagasse,5.0,6.9,73.8,14.3,49.6,7.4,38.6,4.4,1.13,520,30.0,0.0,25.8,50.8,23.4
sunflower bagasse,5.0,6.9,73.8,14.3,49.6,7.4,38.6,4.4,1.13,700,30.0,0.0,25.4,51.6,23.0
sunflower bagasse,5.0,6.9,73.8,14.3,49.6,7.4,38.6,4.4,1.13,900,30.0,0.0,24.9,51.6,23.5
sunflower bagasse,5.0,6.9,73.8,14.3,49.6,7.4,38.6,4.4,1.13,450,30.0,50.0,28.8,56.9,14.3
sunflower bagasse,5.0,6.9,73.8,14.3,49.6,7.4,38.6,4.4,1.13,450,30.0,100.0,29.0,59.3,11.7
sunflower bagasse,5.0,6.9,73.8,14.3,49.6,7.4,38.6,4.4,1.13,450,30.0,200.0,29.4,57.7,12.9
sunflower bagasse,5.0,6.9,73.8,14.3,49.6,7.4,38.6,4.4,1.13,450,30.0,400.0,29.0,57.2,13.8
sunflower bagasse,5.0,6.9,73.8,14.3,49.6,7.4,38.6,4.4,1.13,450,30.0,600.0,29.4,58.3,12.3
The sugar beet bagasse,9.84,3.68,74.45,12.03,42.67,6.08,49.3,1.95,0.5,350,10.0,0.0,33.84,28.95,37.22
The sugar beet bagasse,9.84,3.68,74.45,12.03,42.67,6.08,49.3,1.95,0.5,400,10.0,0.0,31.39,30.33,38.28
The sugar beet bagasse,9.84,3.68,74.45,12.03,42.67,6.08,49.3,1.95,0.5,450,10.0,0.0,29.07,31.33,39.6
The sugar beet bagasse,9.84,3.68,74.45,12.03,42.67,6.08,49.3,1.95,0.5,500,10.0,0.0,27.27,33.37,39.36
The sugar beet bagasse,9.84,3.68,74.45,12.03,42.67,6.08,49.3,1.95,0.5,550,10.0,0.0,26.51,31.63,41.86
The sugar beet bagasse,9.84,3.68,74.45,12.03,42.67,6.08,49.3,1.95,0.5,350,30.0,0.0,31.36,31.03,37.61
The sugar beet bagasse,9.84,3.68,74.45,12.03,42.67,6.08,49.3,1.95,0.5,400,30.0,0.0,28.27,32.93,38.8
The sugar beet bagasse,9.84,3.68,74.45,12.03,42.67,6.08,49.3,1.95,0.5,450,30.0,0.0,27.38,33.67,38.95
The sugar beet bagasse,9.84,3.68,74.45,12.03,42.67,6.08,49.3,1.95,0.5,500,30.0,0.0,25.32,34.41,40.27
The sugar beet bagasse,9.84,3.68,74.45,12.03,42.67,6.08,49.3,1.95,0.5,550,30.0,0.0,24.95,33.33,41.73
The sugar beet bagasse,9.84,3.68,74.45,12.03,42.67,6.08,49.3,1.95,1.5,500,30.0,100.0,34.92,38.36,26.72
The sugar beet bagasse,9.84,3.68,74.45,12.03,42.67,6.08,49.3,1.95,2.5,500,30.0,150.0,37.44,36.47,26.09
The sugar beet bagasse,9.84,3.68,74.45,12.03,42.67,6.08,49.3,1.95,3.5,500,30.0,200.0,39.83,35.59,24.58
sunflower,5.8,7.4,76.1,10.7,49.81,6.22,39.1,4.87,0.33,400,15.0,25.0,41.18,38.43,20.39
sunflower,5.8,7.4,76.1,10.7,49.81,6.22,39.1,4.87,0.33,500,15.0,25.0,33.64,58.44,7.92
sunflower,5.8,7.4,76.1,10.7,49.81,6.22,39.1,4.87,0.33,550,15.0,25.0,31.8,58.25,9.95
sunflower,5.8,7.4,76.1,10.7,49.81,6.22,39.1,4.87,0.33,700,15.0,25.0,26.46,39.57,33.97
sunflower,5.8,7.4,76.1,10.7,49.81,6.22,39.1,4.87,0.33,400,15.0,50.0,39.49,39.75,20.76
sunflower,5.8,7.4,76.1,10.7,49.81,6.22,39.1,4.87,0.33,500,15.0,50.0,30.62,59.95,9.43
sunflower,5.8,7.4,76.1,10.7,49.81,6.22,39.1,4.87,0.33,550,15.0,50.0,27.41,62.41,10.18
sunflower,5.8,7.4,76.1,10.7,49.81,6.22,39.1,4.87,0.33,700,15.0,50.0,24.76,41.83,33.41
sunflower,5.8,7.4,76.1,10.7,49.81,6.22,39.1,4.87,0.33,400,15.0,100.0,39.49,40.13,20.38
sunflower,5.8,7.4,76.1,10.7,49.81,6.22,39.1,4.87,0.33,500,15.0,100.0,30.24,60.14,9.62
sunflower,5.8,7.4,76.1,10.7,49.81,6.22,39.1,4.87,0.33,550,15.0,100.0,28.16,61.84,10.0
sunflower,5.8,7.4,76.1,10.7,49.81,6.22,39.1,4.87,0.33,700,15.0,100.0,21.56,41.82,36.62
sunflower,5.8,7.4,76.1,10.7,49.81,6.22,39.1,4.87,0.33,400,15.0,200.0,37.98,39.56,22.46
sunflower,5.8,7.4,76.1,10.7,49.81,6.22,39.1,4.87,0.33,500,15.0,200.0,29.11,58.81,12.08
sunflower,5.8,7.4,76.1,10.7,49.81,6.22,39.1,4.87,0.33,550,15.0,200.0,26.84,59.0,14.16
sunflower,5.8,7.4,76.1,10.7,49.81,6.22,39.1,4.87,0.33,700,15.0,200.0,21.56,42.58,35.86
sunflower,5.8,7.4,76.1,10.7,49.81,6.22,39.1,4.87,0.33,400,15.0,400.0,37.41,38.81,23.78
sunflower,5.8,7.4,76.1,10.7,49.81,6.22,39.1,4.87,0.33,500,15.0,400.0,47.0,38.85,14.15
sunflower,5.8,7.4,76.1,10.7,49.81,6.22,39.1,4.87,0.33,550,15.0,400.0,26.28,58.43,15.29
sunflower,5.8,7.4,76.1,10.7,49.81,6.22,39.1,4.87,0.33,700,15.0,400.0,20.99,43.14,35.87
F. orientalis L. plants,5.7,4.87,74.9,14.08,44.41,6.74,47.53,1.33,0.5,350,15.0,100.0,40.28,38.46,20.74
F. orientalis L. plants,5.7,4.87,74.9,14.08,44.41,6.74,47.53,1.33,0.5,400,15.0,100.0,36.27,39.96,23.68
F. orientalis L. plants,5.7,4.87,74.9,14.08,44.41,6.74,47.53,1.33,0.5,450,15.0,100.0,33.82,41.99,23.71
F. orientalis L. plants,5.7,4.87,74.9,14.08,44.41,6.74,47.53,1.33,0.5,500,15.0,100.0,30.59,43.03,26.65
F. orientalis L. plants,5.7,4.87,74.9,14.08,44.41,6.74,47.53,1.33,0.5,550,15.0,100.0,29.16,42.81,28.24
F. orientalis L. plants,5.7,4.87,74.9,14.08,44.41,6.74,47.53,1.33,0.5,600,15.0,100.0,26.49,40.86,32.85
F. orientalis L. plants,5.7,4.87,74.9,14.08,44.41,6.74,47.53,1.33,0.5,350,30.0,100.0,38.71,40.56,20.85
F. orientalis L. plants,5.7,4.87,74.9,14.08,44.41,6.74,47.53,1.33,0.5,400,30.0,100.0,34.36,42.21,23.79
F. orientalis L. plants,5.7,4.87,74.9,14.08,44.41,6.74,47.53,1.33,0.5,450,30.0,100.0,31.92,42.81,25.5
F. orientalis L. plants,5.7,4.87,74.9,14.08,44.41,6.74,47.53,1.33,0.5,500,30.0,100.0,28.8,43.71,27.87
F. orientalis L. plants,5.7,4.87,74.9,14.08,44.41,6.74,47.53,1.33,0.5,550,30.0,100.0,26.92,43.71,29.8
F. orientalis L. plants,5.7,4.87,74.9,14.08,44.41,6.74,47.53,1.33,0.5,600,30.0,100.0,25.26,42.13,33.52
F. orientalis L. plants,5.7,4.87,74.9,14.08,44.41,6.74,47.53,1.33,0.5,350,50.0,100.0,36.81,41.91,20.97
F. orientalis L. plants,5.7,4.87,74.9,14.08,44.41,6.74,47.53,1.33,0.5,400,50.0,100.0,32.69,42.66,24.9
F. orientalis L. plants,5.7,4.87,74.9,14.08,44.41,6.74,47.53,1.33,0.5,450,50.0,100.0,29.57,43.41,27.17
F. orientalis L. plants,5.7,4.87,74.9,14.08,44.41,6.74,47.53,1.33,0.5,500,50.0,100.0,26.12,45.13,28.88
F. orientalis L. plants,5.7,4.87,74.9,14.08,44.41,6.74,47.53,1.33,0.5,550,50.0,100.0,25.01,43.56,31.03
F. orientalis L. plants,5.7,4.87,74.9,14.08,44.41,6.74,47.53,1.33,0.5,600,50.0,100.0,23.24,42.36,34.41
Jute dust,5.34,9.65,72.11,12.9,43.71,6.18,48.75,1.38,0.65,400,10.0,0.0,40.48,43.84,15.67
Jute dust,5.34,9.65,72.11,12.9,43.71,6.18,48.75,1.38,0.65,500,10.0,0.0,33.45,49.1,17.45
Jute dust,5.34,9.65,72.11,12.9,43.71,6.18,48.75,1.38,0.65,600,10.0,0.0,30.42,47.71,21.87
Jute dust,5.34,9.65,72.11,12.9,43.71,6.18,48.75,1.38,0.65,700,10.0,0.0,25.34,45.88,28.78
Jute dust,5.34,9.65,72.11,12.9,43.71,6.18,48.75,1.38,0.65,400,40.0,0.0,35.33,48.24,16.43
Jute dust,5.34,9.65,72.11,12.9,43.71,6.18,48.75,1.38,0.65,500,40.0,0.0,31.42,48.24,20.43
Jute dust,5.34,9.65,72.11,12.9,43.71,6.18,48.75,1.38,0.65,600,40.0,0.0,28.78,47.44,23.78
Jute dust,5.34,9.65,72.11,12.9,43.71,6.18,48.75,1.38,0.65,700,40.0,0.0,24.32,46.64,29.04
Jute dust,5.34,9.65,72.11,12.9,43.71,6.18,48.75,1.38,0.65,500,40.0,50.0,34.27,48.85,16.88
Jute dust,5.34,9.65,72.11,12.9,43.71,6.18,48.75,1.38,0.65,500,40.0,100.0,33.59,48.29,18.12
Jute dust,5.34,9.65,72.11,12.9,43.71,6.18,48.75,1.38,0.65,500,40.0,150.0,31.42,48.24,20.34
Jute dust,5.34,9.65,72.11,12.9,43.71,6.18,48.75,1.38,0.65,500,40.0,200.0,30.69,38.47,30.8
Jute dust,5.34,9.65,72.11,12.9,43.71,6.18,48.75,1.38,0.65,500,40.0,250.0,28.73,37.6,33.67
straw and stalk,0.0,5.87,75.55,18.58,45.17,5.15,42.92,0.75,0.75,350,10.0,100.0,46.48,25.59,27.84
straw and stalk,0.0,5.87,75.55,18.58,45.17,5.15,42.92,0.75,0.75,450,10.0,100.0,36.34,30.38,33.37
straw and stalk,0.0,5.87,75.55,18.58,45.17,5.15,42.92,0.75,0.75,550,10.0,100.0,33.93,37.74,28.67
straw and stalk,0.0,5.87,75.55,18.58,45.17,5.15,42.92,0.75,0.75,650,10.0,100.0,30.58,37.74,31.81
straw and stalk,0.0,5.87,75.55,18.58,45.17,5.15,42.92,0.75,0.75,350,30.0,100.0,44.01,23.17,32.77
straw and stalk,0.0,5.87,75.55,18.58,45.17,5.15,42.92,0.75,0.75,450,30.0,100.0,35.83,29.75,34.44
straw and stalk,0.0,5.87,75.55,18.58,45.17,5.15,42.92,0.75,0.75,550,30.0,100.0,33.21,37.02,29.9
straw and stalk,0.0,5.87,75.55,18.58,45.17,5.15,42.92,0.75,0.75,650,30.0,100.0,29.76,36.02,34.4
corncob,6.4,1.2,76.7,15.7,52.7,6.4,40.6,0.3,0.65,300,7.0,0.0,30.3,40.15,30.12
corncob,6.4,1.2,76.7,15.7,52.7,6.4,40.6,0.3,0.65,400,7.0,0.0,30.99,39.55,29.91
corncob,6.4,1.2,76.7,15.7,52.7,6.4,40.6,0.3,0.65,500,7.0,0.0,27.37,41.46,31.49
corncob,6.4,1.2,76.7,15.7,52.7,6.4,40.6,0.3,0.65,600,7.0,0.0,26.98,41.04,30.21
corncob,6.4,1.2,76.7,15.7,52.7,6.4,40.6,0.3,0.65,700,7.0,0.0,26.05,36.32,35.74
corncob,6.4,1.2,76.7,15.7,52.7,6.4,40.6,0.3,0.65,800,7.0,0.0,24.77,36.62,37.68
Teak sawdust,3.87,3.53,78.17,14.43,49.17,5.93,43.87,1.03,0.18,400,10.0,150.0,37.17,42.52,20.63
Teak sawdust,3.87,3.53,78.17,14.43,49.17,5.93,43.87,1.03,0.18,500,10.0,150.0,34.33,44.88,22.2
Teak sawdust,3.87,3.53,78.17,14.43,49.17,5.93,43.87,1.03,0.18,600,10.0,150.0,28.19,49.29,23.94
Teak sawdust,3.87,3.53,78.17,14.43,49.17,5.93,43.87,1.03,0.18,700,10.0,150.0,26.93,47.72,26.93
Teak sawdust,3.87,3.53,78.17,14.43,49.17,5.93,43.87,1.03,0.18,600,10.0,150.0,27.44,48.77,23.6
Teak sawdust,3.87,3.53,78.17,14.43,49.17,5.93,43.87,1.03,0.18,600,10.0,200.0,25.66,47.49,26.32
Teak sawdust,3.87,3.53,78.17,14.43,49.17,5.93,43.87,1.03,0.18,600,10.0,250.0,23.71,45.37,29.55
Teak sawdust,3.87,3.53,78.17,14.43,49.17,5.93,43.87,1.03,0.5,600,10.0,150.0,30.54,47.79,23.04
Teak sawdust,3.87,3.53,78.17,14.43,49.17,5.93,43.87,1.03,0.25,600,10.0,150.0,28.41,48.47,22.78
Teak sawdust,3.87,3.53,78.17,14.43,49.17,5.93,43.87,1.03,0.18,600,10.0,150.0,27.59,48.78,24.03
Degreasing cake,5.7,2.73,72.61,21.1,43.82,6.35,45.98,3.15,1.44,450,30.0,100.0,38.46,43.62,18.03
Degreasing cake,5.7,2.73,72.61,21.1,43.82,6.35,45.98,3.15,1.44,500,30.0,100.0,33.78,47.61,19.0
Degreasing cake,5.7,2.73,72.61,21.1,43.82,6.35,45.98,3.15,1.44,550,30.0,100.0,32.11,44.25,22.61
Beech,8.7,0.8,84.3,15.2,49.1,5.7,44.5,0.15,0.38,450,10.0,50.0,40.6,47.5,6.1
Beech,8.7,0.8,84.3,15.2,49.1,5.7,44.5,0.15,0.38,500,10.0,50.0,13.6,62.4,15.0
Beech,8.7,0.8,84.3,15.2,49.1,5.7,44.5,0.15,0.38,550,10.0,50.0,10.3,48.4,25.6
Beech,8.7,0.8,84.3,15.2,49.1,5.7,44.5,0.15,0.38,600,10.0,50.0,8.2,40.1,51.5
White oak and sweetgum logs,6.84,0.48,76.15,16.3,49.7,6.5,36.84,0.1,4.0,450,4.0,100.0,16.7,58.9,41.1
White oak and sweetgum logs,11.31,0.71,75.79,12.42,47.88,5.57,34.65,0.08,4.0,450,20.0,100.0,18.3,56.2,43.8
"RS,RH",4.1,9.8,74.3,16.0,54.3,5.7,38.4,1.6,0.34,375,10.0,7000.0,38.42,52.38,8.94
"RS,RH",4.1,9.8,74.3,16.0,54.3,5.7,38.4,1.6,0.34,400,10.0,7000.0,37.36,54.09,8.05
"RS,RH",4.1,9.8,74.3,16.0,54.3,5.7,38.4,1.6,0.34,425,10.0,7000.0,33.89,55.62,10.27
"RS,RH",4.1,9.8,74.3,16.0,54.3,5.7,38.4,1.6,0.34,450,10.0,7000.0,31.11,57.31,11.11
"RS,RH",4.1,9.8,74.3,16.0,54.3,5.7,38.4,1.6,0.34,500,10.0,7000.0,28.13,55.2,16.41
"RS,RH",1.3,13.9,69.3,16.8,50.4,6.0,42.6,0.9,0.34,375,10.0,7000.0,34.11,52.21,13.42
"RS,RH",1.3,13.9,69.3,16.8,50.4,6.0,42.6,0.9,0.34,400,10.0,7000.0,30.46,54.6,15.29
"RS,RH",1.3,13.9,69.3,16.8,50.4,6.0,42.6,0.9,0.34,425,10.0,7000.0,27.17,50.79,21.48
"RS,RH",1.3,13.9,69.3,16.8,50.4,6.0,42.6,0.9,0.34,450,10.0,7000.0,26.8,49.56,24.22
"RS,RH",1.3,13.9,69.3,16.8,50.4,6.0,42.6,0.9,0.34,500,10.0,7000.0,24.34,47.44,27.96
Jatropha curcas de oilseed cake,5.0,5.0,69.0,21.0,42.3,4.8,46.74,5.8,0.75,425,30.0,8000.0,38.6,45.0,16.4
Jatropha curcas de oilseed cake,5.0,5.0,69.0,21.0,42.3,4.8,46.74,5.8,0.75,450,30.0,8000.0,35.1,48.0,16.9
Jatropha curcas de oilseed cake,5.0,5.0,69.0,21.0,42.3,4.8,46.74,5.8,0.75,475,30.0,8000.0,33.2,46.6,20.2
Jatropha curcas de oilseed cake,5.0,5.0,69.0,21.0,42.3,4.8,46.74,5.8,0.75,500,30.0,8000.0,30.0,44.0,26.0
Jatropha curcas de oilseed cake,5.0,5.0,69.0,21.0,42.3,4.8,46.74,5.8,0.34,450,30.0,8000.0,34.6,44.3,21.1
Jatropha curcas de oilseed cake,5.0,5.0,69.0,21.0,42.3,4.8,46.74,5.8,0.75,450,30.0,8000.0,35.1,48.0,16.9
Jatropha curcas de oilseed cake,5.0,5.0,69.0,21.0,42.3,4.8,46.74,5.8,0.75,450,30.0,8000.0,38.4,46.2,15.4
Jatropha curcas de oilseed cake,5.0,5.0,69.0,21.0,42.3,4.8,46.74,5.8,0.75,450,30.0,6000.0,32.7,44.8,22.5
Jatropha curcas de oilseed cake,5.0,5.0,69.0,21.0,42.3,4.8,46.74,5.8,0.75,450,30.0,8000.0,35.1,48.0,16.9
Jatropha curcas de oilseed cake,5.0,5.0,69.0,21.0,42.3,4.8,46.74,5.8,0.75,450,30.0,10000.0,32.0,41.5,26.5
Tomato peel,4.67,4.87,78.12,12.34,55.0,7.9,34.0,2.8,0.65,450,20.0,100.0,44.0,14.0,42.0
Tomato peel,4.67,4.87,78.12,12.34,55.0,7.9,34.0,2.8,0.65,500,20.0,100.0,39.0,17.5,43.5
Tomato peel,4.67,4.87,78.12,12.34,55.0,7.9,34.0,2.8,0.65,550,20.0,100.0,26.4,32.0,33.6
Tomato peel,4.67,4.87,78.12,12.34,55.0,7.9,34.0,2.8,0.65,600,20.0,100.0,27.85,40.0,32.15
Tomato peel,4.67,4.87,78.12,12.34,55.0,7.9,34.0,2.8,0.65,650,20.0,100.0,26.0,36.0,38.0
Walnut shell,7.5,1.65,71.52,19.33,46.65,5.8,47.54,1.65,0.85,300,15.0,200.0,41.98,34.42,22.42
Walnut shell,7.5,1.65,71.52,19.33,46.65,5.8,47.54,1.65,0.85,400,15.0,200.0,36.05,37.85,25.73
Walnut shell,7.5,1.65,71.52,19.33,46.65,5.8,47.54,1.65,0.85,500,15.0,200.0,31.68,41.88,26.28
Walnut shell,7.5,1.65,71.52,19.33,46.65,5.8,47.54,1.65,0.85,600,15.0,200.0,30.55,40.03,30.19
Walnut shell,7.5,1.65,71.52,19.33,46.65,5.8,47.54,1.65,0.33,500,15.0,200.0,28.84,42.59,26.45
Walnut shell,7.5,1.65,71.52,19.33,46.65,5.8,47.54,1.65,0.51,500,15.0,200.0,30.4,43.78,26.1
Walnut shell,7.5,1.65,71.52,19.33,46.65,5.8,47.54,1.65,0.65,500,15.0,200.0,30.88,44.38,24.66
Walnut shell,7.5,1.65,71.52,19.33,46.65,5.8,47.54,1.65,0.85,500,15.0,200.0,31.35,45.82,23.23
MCA oil cake,6.5,6.5,74.9,18.9,47.28,6.52,43.33,2.55,1.0,350,20.0,8000.0,43.75,41.41,13.8
MCA oil cake,6.5,6.5,74.9,18.9,47.28,6.52,43.33,2.55,1.0,400,20.0,8000.0,39.37,43.85,15.68
MCA oil cake,6.5,6.5,74.9,18.9,47.28,6.52,43.33,2.55,1.0,450,20.0,8000.0,36.04,46.04,16.51
MCA oil cake,6.5,6.5,74.9,18.9,47.28,6.52,43.33,2.55,1.0,500,20.0,8000.0,35.05,43.02,20.21
MCA oil cake,6.5,6.5,74.9,18.9,47.28,6.52,43.33,2.55,1.0,550,20.0,8000.0,33.54,39.74,25.47
MCA oil cake,6.5,6.5,74.9,18.9,47.28,6.52,43.33,2.55,1.0,600,20.0,8000.0,32.81,35.42,31.77
MCA oil cake,6.5,6.5,74.9,18.9,47.28,6.52,43.33,2.55,0.33,450,20.0,8000.0,33.25,44.42,21.83
MCA oil cake,6.5,6.5,74.9,18.9,47.28,6.52,43.33,2.55,0.65,450,20.0,8000.0,33.82,46.32,19.35
MCA oil cake,6.5,6.5,74.9,18.9,47.28,6.52,43.33,2.55,1.0,450,20.0,8000.0,36.93,47.97,16.63
MCA oil cake,6.5,6.5,74.9,18.9,47.28,6.52,43.33,2.55,1.5,450,20.0,8000.0,36.23,47.33,17.45
MCA oil cake,6.5,6.5,74.9,18.9,47.28,6.52,43.33,2.55,2.0,450,20.0,8000.0,37.06,41.63,19.29
S. japonica,2.79,22.99,70.9,3.22,42.09,4.38,51.6,1.53,4.0,430,20.0,600.0,34.87,44.98,19.92
S. japonica,2.79,22.99,70.9,3.22,42.09,4.38,51.6,1.53,4.0,450,20.0,600.0,32.48,48.96,18.85
S. japonica,2.79,22.99,70.9,3.22,42.09,4.38,51.6,1.53,4.0,470,20.0,600.0,30.09,47.46,21.52
S. japonica,2.79,22.99,70.9,3.22,42.09,4.38,51.6,1.53,4.0,530,20.0,600.0,25.57,48.21,27.11
DOC,10.53,6.51,70.56,12.4,54.2,6.1,34.5,5.2,0.35,400,20.0,100.0,20.61,33.41,45.49
DOC,12.56,5.3,71.1,11.04,57.25,5.83,32.72,4.2,0.35,400,20.0,100.0,18.05,38.41,42.56
DOC,9.78,7.32,68.23,14.67,55.85,5.32,33.73,5.1,0.35,400,20.0,100.0,21.95,33.9,43.17
Eucalyptus wood,5.18,4.8,70.85,19.18,51.17,7.95,35.11,5.32,0.85,300,35.0,25.0,26.3,42.12,27.95
Eucalyptus wood,5.18,4.8,70.85,19.18,51.17,7.95,35.11,5.32,0.85,350,35.0,25.0,26.3,45.41,25.07
Eucalyptus wood,5.18,4.8,70.85,19.18,51.17,7.95,35.11,5.32,0.85,400,35.0,25.0,25.68,44.59,21.99
Eucalyptus wood,5.18,4.8,70.85,19.18,51.17,7.95,35.11,5.32,0.85,450,35.0,25.0,25.48,49.11,17.67
Eucalyptus wood,5.18,4.8,70.85,19.18,51.17,7.95,35.11,5.32,0.85,500,35.0,25.0,24.86,44.18,24.86
Eucalyptus wood,5.18,4.8,70.85,19.18,51.17,7.95,35.11,5.32,0.85,600,35.0,25.0,24.04,42.12,28.97
Eucalyptus wood,5.18,4.8,70.85,19.18,51.17,7.95,35.11,5.32,0.85,700,35.0,25.0,24.25,39.86,30.62
Eucalyptus wood,5.18,4.8,70.85,19.18,51.17,7.95,35.11,5.32,0.85,800,35.0,25.0,22.6,37.19,35.14
Eucalyptus wood,5.18,4.8,70.85,19.18,51.17,7.95,35.11,5.32,0.85,450,35.0,50.0,26.15,32.1,35.16
Eucalyptus wood,5.18,4.8,70.85,19.18,51.17,7.95,35.11,5.32,0.85,450,35.0,100.0,25.1,37.89,31.76
Eucalyptus wood,5.18,4.8,70.85,19.18,51.17,7.95,35.11,5.32,0.85,450,35.0,150.0,24.94,39.0,30.89
Eucalyptus wood,5.18,4.8,70.85,19.18,51.17,7.95,35.11,5.32,0.85,450,35.0,200.0,24.79,44.43,26.41
Eucalyptus wood,5.18,4.8,70.85,19.18,51.17,7.95,35.11,5.32,0.85,450,35.0,250.0,25.17,32.92,31.84
Eucalyptus wood,5.18,4.8,70.85,19.18,51.17,7.95,35.11,5.32,0.85,450,35.0,300.0,25.38,36.73,27.36
corn,7.67,8.33,71.95,12.05,49.1,6.1,43.7,0.7,0.3,420,10.0,30.2,11.9,59.9,10.0
corn,7.67,8.33,71.95,12.05,49.1,6.1,43.7,0.7,0.3,460,10.0,30.2,14.0,64.2,14.9
corn,7.67,8.33,71.95,12.05,49.1,6.1,43.7,0.7,0.3,500,10.0,30.2,18.2,66.0,15.9
corn,7.67,8.33,71.95,12.05,49.1,6.1,43.7,0.7,0.3,540,10.0,30.2,20.8,64.9,21.1
corn,7.67,8.33,71.95,12.05,49.1,6.1,43.7,0.7,0.3,580,10.0,30.2,30.1,64.1,24.0
Karanja seed,7.27,1.5,89.23,2.0,53.04,7.32,35.53,3.94,0.5,500,20.0,40.0,25.76,50.23,24.8
Karanja seed,7.27,1.5,89.23,2.0,53.04,7.32,35.53,3.94,0.5,525,20.0,40.0,22.19,53.15,25.06
Karanja seed,7.27,1.5,89.23,2.0,53.04,7.32,35.53,3.94,0.5,550,20.0,40.0,20.21,55.32,25.64
Karanja seed,7.27,1.5,89.23,2.0,53.04,7.32,35.53,3.94,0.5,575,20.0,40.0,18.77,51.85,29.51
Karanja seed,7.27,1.5,89.23,2.0,53.04,7.32,35.53,3.94,0.5,600,20.0,40.0,19.03,50.51,31.26
